captured_at_utc,line_id,line_name,mode_name,status_severity,status_severity_description,reason,disruption_category,validity_period_from,validity_period_to
2026-09-23T20:36:36+00:00,bakerloo,Bakerloo,tube,10,Good Service,,,,
2026-09-23T20:36:36+00:00,central,Central,tube,9,Minor Delays,Central Line: Minor delays due to to train cancellations.,RealTime,2026-09-23T20:04:52Z,2026-09-24T00:29:00Z
2026-09-23T20:36:36+00:00,circle,Circle,tube,2,Suspended,Circle Line: No service while we fix a points failure at Tower Hill.,RealTime,2026-09-23T20:14:17Z,2026-09-23T23:35:27Z
2026-09-23T20:36:36+00:00,district,District,tube,6,Severe Delays,"District Line: No service between Embankment and Whitechapel eastbound only, and SEVERE DELAYS between Earl's Court and Ealing Broadway / Richmond while we fix a points failure at Tower Hill. MINOR DELAYS on the rest of the line. London buses are accepting tickets via any reasonable route.",RealTime,2026-09-23T20:09:31Z,2026-09-24T00:29:00Z
2026-09-23T20:36:36+00:00,district,District,tube,6,Severe Delays,"District Line: No service between Embankment and Whitechapel eastbound only, and SEVERE DELAYS between Earl's Court and Ealing Broadway / Richmond while we fix a points failure at Tower Hill. MINOR DELAYS on the rest of the line. London buses are accepting tickets via any reasonable route.",RealTime,2026-09-23T20:09:31Z,2026-09-24T00:29:00Z
2026-09-23T20:36:36+00:00,district,District,tube,9,Minor Delays,"District Line: No service between Embankment and Whitechapel eastbound only, and SEVERE DELAYS between Earl's Court and Ealing Broadway / Richmond while we fix a points failure at Tower Hill. MINOR DELAYS on the rest of the line. London buses are accepting tickets via any reasonable route.",RealTime,2026-09-23T20:09:31Z,2026-09-24T00:29:00Z
2026-09-23T20:36:36+00:00,district,District,tube,3,Part Suspended,"District Line: No service between Embankment and Whitechapel eastbound only, and SEVERE DELAYS between Earl's Court and Ealing Broadway / Richmond while we fix a points failure at Tower Hill. MINOR DELAYS on the rest of the line. London buses are accepting tickets via any reasonable route.",RealTime,2026-09-23T20:09:31Z,2026-09-23T23:35:27Z
2026-09-23T20:36:36+00:00,hammersmith-city,Hammersmith & City,tube,9,Minor Delays,Hammersmith and City Line: No service between Liverpool Street and Barking while we fix a points failure at Tower Hill. MINOR DELAYS on the rest of the line.,RealTime,2026-09-23T20:25:41Z,2026-09-24T00:29:00Z
2026-09-23T20:36:36+00:00,hammersmith-city,Hammersmith & City,tube,3,Part Suspended,Hammersmith and City Line: No service between Liverpool Street and Barking while we fix a points failure at Tower Hill. MINOR DELAYS on the rest of the line.,RealTime,2026-09-23T20:25:41Z,2026-09-23T23:35:27Z
2026-09-23T20:36:36+00:00,jubilee,Jubilee,tube,10,Good Service,,,,
2026-09-23T20:36:36+00:00,metropolitan,Metropolitan,tube,9,Minor Delays,Metropolitan Line: Minor delays between Harrow-on-the-Hill and Uxbridge while we fix a signal failure at Rayners Lane. GOOD SERVICE on the rest of the line.,RealTime,2026-09-23T20:13:09Z,2026-09-24T00:29:00Z
2026-09-23T20:36:36+00:00,northern,Northern,tube,10,Good Service,,,,
2026-09-23T20:36:36+00:00,piccadilly,Piccadilly,tube,9,Minor Delays,Piccadilly Line: Minor delays between South Harrow and Uxbridge while we fix a signal failure at Rayners lane. GOOD SERVICE on the rest of the line.,RealTime,2026-09-23T20:30:00Z,2026-09-24T00:29:00Z
2026-09-23T20:36:36+00:00,victoria,Victoria,tube,10,Good Service,,,,
2026-09-23T20:36:36+00:00,waterloo-city,Waterloo & City,tube,10,Good Service,,,,
2026-09-23T23:08:22+00:00,bakerloo,Bakerloo,tube,10,Good Service,,,,
2026-09-23T23:08:22+00:00,central,Central,tube,9,Minor Delays,Central Line: Minor delays due to to train cancellations.,RealTime,2026-09-23T20:04:52Z,2026-09-25T00:29:00Z
2026-09-23T23:08:22+00:00,circle,Circle,tube,9,Minor Delays,Circle Line: Minor delays due to an earlier points failure at Tower Hill.,RealTime,2026-09-23T22:46:24Z,2026-09-25T00:29:00Z
2026-09-23T23:08:22+00:00,district,District,tube,6,Severe Delays,District Line: Severe delays due to an earlier points failure at Tower Hill. London Buses are accepting tickets via any reasonable route.,RealTime,2026-09-23T22:56:18Z,2026-09-25T00:29:00Z
2026-09-23T23:08:22+00:00,hammersmith-city,Hammersmith & City,tube,6,Severe Delays,Hammersmith and City Line: Severe delays due to an earlier points failure at Tower Hill.,RealTime,2026-09-23T21:31:05Z,2026-09-25T00:29:00Z
2026-09-23T23:08:22+00:00,jubilee,Jubilee,tube,10,Good Service,,,,
2026-09-23T23:08:22+00:00,metropolitan,Metropolitan,tube,10,Good Service,,,,
2026-09-23T23:08:22+00:00,northern,Northern,tube,10,Good Service,,,,
2026-09-23T23:08:22+00:00,piccadilly,Piccadilly,tube,10,Good Service,,,,
2026-09-23T23:08:22+00:00,victoria,Victoria,tube,10,Good Service,,,,
2026-09-23T23:08:22+00:00,waterloo-city,Waterloo & City,tube,10,Good Service,,,,
2026-09-24T01:24:08+00:00,bakerloo,Bakerloo,tube,20,Service Closed,Bakerloo Line: Service will resume later this morning.,RealTime,2026-09-24T00:12:37Z,2026-09-24T04:22:34Z
2026-09-24T01:24:08+00:00,central,Central,tube,20,Service Closed,Central Line: Service will resume later this morning.,RealTime,2026-09-24T00:12:49Z,2026-09-24T04:22:34Z
2026-09-24T01:24:08+00:00,circle,Circle,tube,20,Service Closed,Circle Line: Service will resume later this morning.,RealTime,2026-09-24T00:13:01Z,2026-09-24T04:22:34Z
2026-09-24T01:24:08+00:00,district,District,tube,20,Service Closed,District Line: Service will resume later this morning.,RealTime,2026-09-24T00:13:08Z,2026-09-24T04:22:34Z
2026-09-24T01:24:08+00:00,hammersmith-city,Hammersmith & City,tube,20,Service Closed,Hammersmith and City Line: Service will resume later this morning.,RealTime,2026-09-24T00:13:27Z,2026-09-24T04:22:34Z
2026-09-24T01:24:08+00:00,jubilee,Jubilee,tube,20,Service Closed,Jubilee Line: Service will resume later this morning.,RealTime,2026-09-24T00:13:34Z,2026-09-24T04:22:34Z
2026-09-24T01:24:08+00:00,metropolitan,Metropolitan,tube,20,Service Closed,Metropolitan Line: Service will resume later this morning.,RealTime,2026-09-24T00:13:41Z,2026-09-24T04:22:34Z
2026-09-24T01:24:08+00:00,northern,Northern,tube,20,Service Closed,Northern Line: Service will resume later this morning.,RealTime,2026-09-24T00:13:55Z,2026-09-24T04:22:34Z
2026-09-24T01:24:08+00:00,piccadilly,Piccadilly,tube,20,Service Closed,Piccadilly Line: Service will resume later this morning.,RealTime,2026-09-24T00:14:14Z,2026-09-24T04:22:34Z
2026-09-24T01:24:08+00:00,victoria,Victoria,tube,20,Service Closed,Victoria Line: Service will resume later this morning.,RealTime,2026-09-24T00:14:40Z,2026-09-24T04:22:34Z
2026-09-24T01:24:08+00:00,waterloo-city,Waterloo & City,tube,20,Service Closed,Waterloo and City Line: Service will resume at 06:00.,RealTime,2026-09-23T23:30:02Z,2026-09-24T04:22:34Z
2026-09-24T06:35:35+00:00,bakerloo,Bakerloo,tube,10,Good Service,,,,
2026-09-24T06:35:35+00:00,central,Central,tube,10,Good Service,,,,
2026-09-24T06:35:35+00:00,circle,Circle,tube,10,Good Service,,,,
2026-09-24T06:35:35+00:00,district,District,tube,9,Minor Delays,District Line: Minor delays due to train cancellations.,RealTime,2026-09-24T05:57:54Z,2026-09-25T00:29:00Z
2026-09-24T06:35:35+00:00,hammersmith-city,Hammersmith & City,tube,10,Good Service,,,,
2026-09-24T06:35:35+00:00,jubilee,Jubilee,tube,6,Severe Delays,"Jubilee Line: Severe delays due to an earlier signal failure at Baker Street. London Buses, Mildmay Line, DLR and Elizabeth Line are accepting tickets via any reasonable route.",RealTime,2026-09-24T05:31:03Z,2026-09-25T00:29:00Z
2026-09-24T06:35:35+00:00,metropolitan,Metropolitan,tube,10,Good Service,,,,
2026-09-24T06:35:35+00:00,northern,Northern,tube,6,Severe Delays,Northern Line: Severe delays between Kennington and Morden following a late finish of engineering work. Tickets will be accepted on London Buses via reasonable routes. GOOD SERVICE on the rest of the line.,RealTime,2026-09-24T06:16:28Z,2026-09-25T00:29:00Z
2026-09-24T06:35:35+00:00,piccadilly,Piccadilly,tube,10,Good Service,,,,
2026-09-24T06:35:35+00:00,victoria,Victoria,tube,10,Good Service,,,,
2026-09-24T06:35:35+00:00,waterloo-city,Waterloo & City,tube,10,Good Service,,,,
2026-09-24T12:11:35+00:00,bakerloo,Bakerloo,tube,10,Good Service,,,,
2026-09-24T12:11:35+00:00,central,Central,tube,9,Minor Delays,Central Line: Minor delays between White City and Ealing Broadway/West Ruislip and between Leytonstone and Epping/Hainault via Newbury Park due to an earlier signal failure at Leytonstone. GOOD SERVICE on the rest of the line.,RealTime,2026-09-24T10:59:17Z,2026-09-25T00:29:00Z
2026-09-24T12:11:35+00:00,central,Central,tube,9,Minor Delays,Central Line: Minor delays between White City and Ealing Broadway/West Ruislip and between Leytonstone and Epping/Hainault via Newbury Park due to an earlier signal failure at Leytonstone. GOOD SERVICE on the rest of the line.,RealTime,2026-09-24T10:59:17Z,2026-09-25T00:29:00Z
2026-09-24T12:11:35+00:00,central,Central,tube,9,Minor Delays,Central Line: Minor delays between White City and Ealing Broadway/West Ruislip and between Leytonstone and Epping/Hainault via Newbury Park due to an earlier signal failure at Leytonstone. GOOD SERVICE on the rest of the line.,RealTime,2026-09-24T10:59:17Z,2026-09-25T00:29:00Z
2026-09-24T12:11:35+00:00,central,Central,tube,9,Minor Delays,Central Line: Minor delays between White City and Ealing Broadway/West Ruislip and between Leytonstone and Epping/Hainault via Newbury Park due to an earlier signal failure at Leytonstone. GOOD SERVICE on the rest of the line.,RealTime,2026-09-24T10:59:17Z,2026-09-25T00:29:00Z
2026-09-24T12:11:35+00:00,circle,Circle,tube,10,Good Service,,,,
2026-09-24T12:11:35+00:00,district,District,tube,10,Good Service,,,,
2026-09-24T12:11:35+00:00,hammersmith-city,Hammersmith & City,tube,10,Good Service,,,,
2026-09-24T12:11:35+00:00,jubilee,Jubilee,tube,10,Good Service,,,,
2026-09-24T12:11:35+00:00,metropolitan,Metropolitan,tube,10,Good Service,,,,
2026-09-24T12:11:35+00:00,northern,Northern,tube,10,Good Service,,,,
2026-09-24T12:11:35+00:00,piccadilly,Piccadilly,tube,10,Good Service,,,,
2026-09-24T12:11:35+00:00,victoria,Victoria,tube,9,Minor Delays,Victoria Line: Minor delays due to an earlier faulty train at Pimlico.,RealTime,2026-09-24T06:45:14Z,2026-09-25T00:29:00Z
2026-09-24T12:11:35+00:00,waterloo-city,Waterloo & City,tube,10,Good Service,,,,
2026-09-24T17:19:54+00:00,bakerloo,Bakerloo,tube,10,Good Service,,,,
2026-09-24T17:19:54+00:00,central,Central,tube,9,Minor Delays,Central Line: Minor delays between White City and Ealing Broadway/West Ruislip and between Leytonstone and Epping/Hainault via Newbury Park due train cancellations. GOOD SERVICE on the rest of the line.,RealTime,2026-09-24T13:32:46Z,2026-09-25T00:29:00Z
2026-09-24T17:19:54+00:00,central,Central,tube,9,Minor Delays,Central Line: Minor delays between White City and Ealing Broadway/West Ruislip and between Leytonstone and Epping/Hainault via Newbury Park due train cancellations. GOOD SERVICE on the rest of the line.,RealTime,2026-09-24T13:32:46Z,2026-09-25T00:29:00Z
2026-09-24T17:19:54+00:00,central,Central,tube,9,Minor Delays,Central Line: Minor delays between White City and Ealing Broadway/West Ruislip and between Leytonstone and Epping/Hainault via Newbury Park due train cancellations. GOOD SERVICE on the rest of the line.,RealTime,2026-09-24T13:32:46Z,2026-09-25T00:29:00Z
2026-09-24T17:19:54+00:00,central,Central,tube,9,Minor Delays,Central Line: Minor delays between White City and Ealing Broadway/West Ruislip and between Leytonstone and Epping/Hainault via Newbury Park due train cancellations. GOOD SERVICE on the rest of the line.,RealTime,2026-09-24T13:32:46Z,2026-09-25T00:29:00Z
2026-09-24T17:19:54+00:00,circle,Circle,tube,10,Good Service,,,,
2026-09-24T17:19:54+00:00,district,District,tube,10,Good Service,,,,
2026-09-24T17:19:54+00:00,hammersmith-city,Hammersmith & City,tube,10,Good Service,,,,
2026-09-24T17:19:54+00:00,jubilee,Jubilee,tube,10,Good Service,,,,
2026-09-24T17:19:54+00:00,metropolitan,Metropolitan,tube,10,Good Service,,,,
2026-09-24T17:19:54+00:00,northern,Northern,tube,10,Good Service,,,,
2026-09-24T17:19:54+00:00,piccadilly,Piccadilly,tube,10,Good Service,,,,
2026-09-24T17:19:54+00:00,victoria,Victoria,tube,10,Good Service,,,,
2026-09-24T17:19:54+00:00,waterloo-city,Waterloo & City,tube,10,Good Service,,,,
2026-09-24T20:36:25+00:00,bakerloo,Bakerloo,tube,10,Good Service,,,,
2026-09-24T20:36:25+00:00,central,Central,tube,10,Good Service,,,,
2026-09-24T20:36:25+00:00,circle,Circle,tube,10,Good Service,,,,
2026-09-24T20:36:25+00:00,district,District,tube,10,Good Service,,,,
2026-09-24T20:36:25+00:00,hammersmith-city,Hammersmith & City,tube,10,Good Service,,,,
2026-09-24T20:36:25+00:00,jubilee,Jubilee,tube,10,Good Service,,,,
2026-09-24T20:36:25+00:00,metropolitan,Metropolitan,tube,9,Minor Delays,Metropolitan Line: Minor delays between Moor Park and Amersham due to train cancellations. The next southbound train will be at 21:52. GOOD SERVICE on the rest of the line.,RealTime,2026-09-24T19:59:24Z,2026-09-25T00:29:00Z
2026-09-24T20:36:25+00:00,northern,Northern,tube,10,Good Service,,,,
2026-09-24T20:36:25+00:00,piccadilly,Piccadilly,tube,10,Good Service,,,,
2026-09-24T20:36:25+00:00,victoria,Victoria,tube,10,Good Service,,,,
2026-09-24T20:36:25+00:00,waterloo-city,Waterloo & City,tube,10,Good Service,,,,
2026-09-24T23:27:23+00:00,bakerloo,Bakerloo,tube,10,Good Service,,,,
2026-09-24T23:27:23+00:00,central,Central,tube,10,Good Service,,,,
2026-09-24T23:27:23+00:00,circle,Circle,tube,10,Good Service,,,,
2026-09-24T23:27:23+00:00,district,District,tube,10,Good Service,,,,
2026-09-24T23:27:23+00:00,hammersmith-city,Hammersmith & City,tube,10,Good Service,,,,
2026-09-24T23:27:23+00:00,jubilee,Jubilee,tube,6,Severe Delays,Jubilee Line: No service between Willesden Green and Stanmore while we fix a signal failure at Wembley Park. SEVERE DELAYS on the rest of the line.,RealTime,2026-09-24T22:57:23Z,2026-09-26T00:29:00Z
2026-09-24T23:27:23+00:00,jubilee,Jubilee,tube,3,Part Suspended,Jubilee Line: No service between Willesden Green and Stanmore while we fix a signal failure at Wembley Park. SEVERE DELAYS on the rest of the line.,RealTime,2026-09-24T22:57:23Z,2026-09-25T02:26:35Z
2026-09-24T23:27:23+00:00,metropolitan,Metropolitan,tube,10,Good Service,,,,
2026-09-24T23:27:23+00:00,northern,Northern,tube,10,Good Service,,,,
2026-09-24T23:27:23+00:00,piccadilly,Piccadilly,tube,9,Minor Delays,Piccadilly Line: Minor delays between Acton Town and Uxbridge due to an earlier customer incident at Wood Green. GOOD SERVICE on the rest of the line.,RealTime,2026-09-24T22:31:52Z,2026-09-26T00:29:00Z
2026-09-24T23:27:23+00:00,victoria,Victoria,tube,10,Good Service,,,,
2026-09-24T23:27:23+00:00,waterloo-city,Waterloo & City,tube,20,Service Closed,Waterloo and City Line: Service will resume at 06:00.,RealTime,2026-09-24T23:24:31Z,2026-09-25T02:26:35Z
2026-09-25T01:49:56+00:00,bakerloo,Bakerloo,tube,20,Service Closed,Bakerloo Line: Service will resume later this morning.,RealTime,2026-09-25T00:17:07Z,2026-09-25T04:49:08Z
2026-09-25T01:49:56+00:00,central,Central,tube,20,Service Closed,Central Line: Service will resume later this morning.,RealTime,2026-09-25T00:17:02Z,2026-09-25T04:49:08Z
2026-09-25T01:49:56+00:00,circle,Circle,tube,20,Service Closed,Circle Line: Service will resume later this morning.,RealTime,2026-09-25T00:16:58Z,2026-09-25T04:49:08Z
2026-09-25T01:49:56+00:00,district,District,tube,20,Service Closed,District Line: Service will resume later this morning.,RealTime,2026-09-25T00:16:54Z,2026-09-25T04:49:08Z
2026-09-25T01:49:56+00:00,hammersmith-city,Hammersmith & City,tube,20,Service Closed,Hammersmith and City Line: Service will resume later this morning.,RealTime,2026-09-25T00:16:45Z,2026-09-25T04:49:08Z
2026-09-25T01:49:56+00:00,jubilee,Jubilee,tube,20,Service Closed,Jubilee Line: Service will resume later this morning.,RealTime,2026-09-25T00:17:49Z,2026-09-25T04:49:08Z
2026-09-25T01:49:56+00:00,metropolitan,Metropolitan,tube,20,Service Closed,Metropolitan Line: Service will resume later this morning.,RealTime,2026-09-25T00:16:34Z,2026-09-25T04:49:08Z
2026-09-25T01:49:56+00:00,northern,Northern,tube,20,Service Closed,Northern Line: Service will resume later this morning.,RealTime,2026-09-25T00:16:29Z,2026-09-25T04:49:08Z
2026-09-25T01:49:56+00:00,piccadilly,Piccadilly,tube,20,Service Closed,Piccadilly Line: Service will resume later this morning.,RealTime,2026-09-25T00:15:08Z,2026-09-25T04:49:08Z
2026-09-25T01:49:56+00:00,victoria,Victoria,tube,20,Service Closed,Victoria Line: Service will resume later this morning.,RealTime,2026-09-25T00:14:47Z,2026-09-25T04:49:08Z
2026-09-25T01:49:56+00:00,waterloo-city,Waterloo & City,tube,20,Service Closed,Waterloo and City Line: Service will resume at 06:00.,RealTime,2026-09-24T23:24:31Z,2026-09-25T04:49:08Z
2026-09-25T06:50:12+00:00,bakerloo,Bakerloo,tube,10,Good Service,,,,
2026-09-25T06:50:12+00:00,central,Central,tube,10,Good Service,,,,
2026-09-25T06:50:12+00:00,circle,Circle,tube,10,Good Service,,,,
2026-09-25T06:50:12+00:00,district,District,tube,9,Minor Delays,District Line: Minor delays between Earl's Court and Wimbledon due to train cancellations. GOOD SERVICE on the rest of the line.,RealTime,2026-09-25T06:31:01Z,2026-09-26T00:29:00Z
2026-09-25T06:50:12+00:00,hammersmith-city,Hammersmith & City,tube,10,Good Service,,,,
2026-09-25T06:50:12+00:00,jubilee,Jubilee,tube,10,Good Service,,,,
2026-09-25T06:50:12+00:00,metropolitan,Metropolitan,tube,10,Good Service,,,,
2026-09-25T06:50:12+00:00,northern,Northern,tube,10,Good Service,,,,
2026-09-25T06:50:12+00:00,piccadilly,Piccadilly,tube,10,Good Service,,,,
2026-09-25T06:50:12+00:00,victoria,Victoria,tube,9,Minor Delays,Victoria Line: Minor delays due to a track fault at Brixton.,RealTime,2026-09-25T05:39:14Z,2026-09-26T00:29:00Z
2026-09-25T06:50:12+00:00,waterloo-city,Waterloo & City,tube,10,Good Service,,,,
2026-09-25T12:39:17+00:00,bakerloo,Bakerloo,tube,10,Good Service,,,,
2026-09-25T12:39:17+00:00,central,Central,tube,10,Good Service,,,,
2026-09-25T12:39:17+00:00,circle,Circle,tube,10,Good Service,,,,
2026-09-25T12:39:17+00:00,district,District,tube,9,Minor Delays,District Line: Minor delays between Earl's Court and Wimbledon while we fix a signal failure at Wimbledon. GOOD SERVICE on the rest of the line.,RealTime,2026-09-25T11:16:02Z,2026-09-26T00:29:00Z
2026-09-25T12:39:17+00:00,hammersmith-city,Hammersmith & City,tube,10,Good Service,,,,
2026-09-25T12:39:17+00:00,jubilee,Jubilee,tube,6,Severe Delays,"Jubilee Line: Severe delays between Finchley Road and Stanmore northbound only, and MINOR DELAYS on the rest of the line due to train cancellations.",RealTime,2026-09-25T12:34:46Z,2026-09-26T00:29:00Z
2026-09-25T12:39:17+00:00,jubilee,Jubilee,tube,9,Minor Delays,"Jubilee Line: Severe delays between Finchley Road and Stanmore northbound only, and MINOR DELAYS on the rest of the line due to train cancellations.",RealTime,2026-09-25T12:34:46Z,2026-09-26T00:29:00Z
2026-09-25T12:39:17+00:00,metropolitan,Metropolitan,tube,9,Minor Delays,Metropolitan Line: Minor delays between Moor Park and Watford due to train cancellations. GOOD SERVICE on the rest of the line.,RealTime,2026-09-25T12:02:20Z,2026-09-26T00:29:00Z
2026-09-25T12:39:17+00:00,northern,Northern,tube,10,Good Service,,,,
2026-09-25T12:39:17+00:00,piccadilly,Piccadilly,tube,10,Good Service,,,,
2026-09-25T12:39:17+00:00,victoria,Victoria,tube,10,Good Service,,,,
2026-09-25T12:39:17+00:00,waterloo-city,Waterloo & City,tube,10,Good Service,,,,
2026-09-25T17:33:20+00:00,bakerloo,Bakerloo,tube,10,Good Service,,,,
2026-09-25T17:33:20+00:00,central,Central,tube,9,Minor Delays,"Central Line: Minor delays between White City and Ealing Broadway/West Ruislip, and MINOR DELAYS between Leytonstone and Epping/Hainault via Newbury Park due to an earlier faulty train at Ruislip Gardens. GOOD SERVICE on the rest of the line.",RealTime,2026-09-25T16:12:46Z,2026-09-26T00:29:00Z
2026-09-25T17:33:20+00:00,central,Central,tube,9,Minor Delays,"Central Line: Minor delays between White City and Ealing Broadway/West Ruislip, and MINOR DELAYS between Leytonstone and Epping/Hainault via Newbury Park due to an earlier faulty train at Ruislip Gardens. GOOD SERVICE on the rest of the line.",RealTime,2026-09-25T16:12:46Z,2026-09-26T00:29:00Z
2026-09-25T17:33:20+00:00,central,Central,tube,9,Minor Delays,"Central Line: Minor delays between White City and Ealing Broadway/West Ruislip, and MINOR DELAYS between Leytonstone and Epping/Hainault via Newbury Park due to an earlier faulty train at Ruislip Gardens. GOOD SERVICE on the rest of the line.",RealTime,2026-09-25T16:12:46Z,2026-09-26T00:29:00Z
2026-09-25T17:33:20+00:00,central,Central,tube,9,Minor Delays,"Central Line: Minor delays between White City and Ealing Broadway/West Ruislip, and MINOR DELAYS between Leytonstone and Epping/Hainault via Newbury Park due to an earlier faulty train at Ruislip Gardens. GOOD SERVICE on the rest of the line.",RealTime,2026-09-25T16:12:46Z,2026-09-26T00:29:00Z
2026-09-25T17:33:20+00:00,circle,Circle,tube,10,Good Service,,,,
2026-09-25T17:33:20+00:00,district,District,tube,10,Good Service,,,,
2026-09-25T17:33:20+00:00,hammersmith-city,Hammersmith & City,tube,10,Good Service,,,,
2026-09-25T17:33:20+00:00,jubilee,Jubilee,tube,6,Severe Delays,Jubilee Line: Severe delays while we help a person ill on a train at Baker Street.,RealTime,2026-09-25T17:27:23Z,2026-09-26T00:29:00Z
2026-09-25T17:33:20+00:00,metropolitan,Metropolitan,tube,10,Good Service,,,,
2026-09-25T17:33:20+00:00,northern,Northern,tube,10,Good Service,,,,
2026-09-25T17:33:20+00:00,piccadilly,Piccadilly,tube,6,Severe Delays,Piccadilly Line: Severe delays between Acton Town and Heathrow Terminals due to an earlier trespasser on the track at Hatton Cross. GOOD SERVICE on the rest of the line.,RealTime,2026-09-25T17:09:43Z,2026-09-26T00:29:00Z
2026-09-25T17:33:20+00:00,victoria,Victoria,tube,9,Minor Delays,Victoria Line: Minor delays between Victoria and Brixton while we fix a track fault at Brixton.,RealTime,2026-09-25T16:04:30Z,2026-09-26T00:29:00Z
2026-09-25T17:33:20+00:00,waterloo-city,Waterloo & City,tube,10,Good Service,,,,
2026-09-25T20:44:49+00:00,bakerloo,Bakerloo,tube,10,Good Service,,,,
2026-09-25T20:44:49+00:00,central,Central,tube,9,Minor Delays,Central Line: Minor delays between White City and Ealing Broadway / West Ruislip and between Leytonstone and Epping / Hainault via Newbury Park due to train cancellations. GOOD SERVICE on the rest of the line.,RealTime,2026-09-25T18:37:45Z,2026-09-26T00:29:00Z
2026-09-25T20:44:49+00:00,central,Central,tube,9,Minor Delays,Central Line: Minor delays between White City and Ealing Broadway / West Ruislip and between Leytonstone and Epping / Hainault via Newbury Park due to train cancellations. GOOD SERVICE on the rest of the line.,RealTime,2026-09-25T18:37:45Z,2026-09-26T00:29:00Z
2026-09-25T20:44:49+00:00,central,Central,tube,9,Minor Delays,Central Line: Minor delays between White City and Ealing Broadway / West Ruislip and between Leytonstone and Epping / Hainault via Newbury Park due to train cancellations. GOOD SERVICE on the rest of the line.,RealTime,2026-09-25T18:37:45Z,2026-09-26T00:29:00Z
2026-09-25T20:44:49+00:00,central,Central,tube,9,Minor Delays,Central Line: Minor delays between White City and Ealing Broadway / West Ruislip and between Leytonstone and Epping / Hainault via Newbury Park due to train cancellations. GOOD SERVICE on the rest of the line.,RealTime,2026-09-25T18:37:45Z,2026-09-26T00:29:00Z
2026-09-25T20:44:49+00:00,circle,Circle,tube,10,Good Service,,,,
2026-09-25T20:44:49+00:00,district,District,tube,10,Good Service,,,,
2026-09-25T20:44:49+00:00,hammersmith-city,Hammersmith & City,tube,10,Good Service,,,,
2026-09-25T20:44:49+00:00,jubilee,Jubilee,tube,10,Good Service,,,,
2026-09-25T20:44:49+00:00,metropolitan,Metropolitan,tube,10,Good Service,,,,
2026-09-25T20:44:49+00:00,northern,Northern,tube,10,Good Service,,,,
2026-09-25T20:44:49+00:00,piccadilly,Piccadilly,tube,10,Good Service,,,,
2026-09-25T20:44:49+00:00,victoria,Victoria,tube,6,Severe Delays,Victoria Line: Severe delays due to an earlier person ill on a train at Oxford Circus.,RealTime,2026-09-25T20:04:32Z,2026-09-26T00:29:00Z
2026-09-25T20:44:49+00:00,waterloo-city,Waterloo & City,tube,10,Good Service,,,,
2026-09-25T23:37:42+00:00,bakerloo,Bakerloo,tube,10,Good Service,,,,
2026-09-25T23:37:42+00:00,central,Central,tube,10,Good Service,,,,
2026-09-25T23:37:42+00:00,circle,Circle,tube,10,Good Service,,,,
2026-09-25T23:37:42+00:00,district,District,tube,10,Good Service,,,,
2026-09-25T23:37:42+00:00,hammersmith-city,Hammersmith & City,tube,10,Good Service,,,,
2026-09-25T23:37:42+00:00,jubilee,Jubilee,tube,10,Good Service,,,,
2026-09-25T23:37:42+00:00,metropolitan,Metropolitan,tube,10,Good Service,,,,
2026-09-25T23:37:42+00:00,northern,Northern,tube,10,Good Service,,,,
2026-09-25T23:37:42+00:00,piccadilly,Piccadilly,tube,10,Good Service,,,,
2026-09-25T23:37:42+00:00,victoria,Victoria,tube,10,Good Service,,,,
2026-09-25T23:37:42+00:00,waterloo-city,Waterloo & City,tube,20,Service Closed,Waterloo and City Line: Service will resume at 06:00 on Monday.,RealTime,2026-09-25T23:37:00Z,2026-09-26T02:37:25Z
2026-09-26T01:59:59+00:00,bakerloo,Bakerloo,tube,20,Service Closed,Bakerloo Line: Service will resume later this morning.,RealTime,2026-09-26T00:14:19Z,2026-09-26T04:59:42Z
2026-09-26T01:59:59+00:00,central,Central,tube,5,Part Closure,"CENTRAL LINE: Saturday 26 September, between 0210 and 0530, no Night Tube service between Marble Arch and Loughton / Hainault (via Newbury Park). Replacement bus service CL5 operates between Stratford City Bus Station (for Stratford) and Loughton via Leyton, Leytonstone (eastbound buses serve Leytonstone High Road instead), Snaresbrook, South Woodford, Woodford and Buckhurst Hill. Use Night Bus N8 for Wanstead, Redbridge, Gants Hill, Barkingside, Fairlop (Barkingside, Fullwell Cross) and Hainault.",PlannedWork,2026-09-26T00:15:00Z,2026-09-26T03:15:00Z
2026-09-26T01:59:59+00:00,circle,Circle,tube,20,Service Closed,Circle Line: Service will resume later this morning.,RealTime,2026-09-26T00:14:13Z,2026-09-26T04:59:42Z
2026-09-26T01:59:59+00:00,district,District,tube,20,Service Closed,District Line: Service will resume later this morning.,RealTime,2026-09-26T00:14:55Z,2026-09-26T04:59:42Z
2026-09-26T01:59:59+00:00,hammersmith-city,Hammersmith & City,tube,20,Service Closed,Hammersmith and City Line: Service will resume later this morning.,RealTime,2026-09-26T00:15:27Z,2026-09-26T04:59:42Z
2026-09-26T01:59:59+00:00,jubilee,Jubilee,tube,10,Good Service,,,,
2026-09-26T01:59:59+00:00,metropolitan,Metropolitan,tube,20,Service Closed,Metropolitan Line: Service will resume later this morning.,RealTime,2026-09-26T00:15:38Z,2026-09-26T04:59:42Z
2026-09-26T01:59:59+00:00,northern,Northern,tube,10,Good Service,,,,
2026-09-26T01:59:59+00:00,piccadilly,Piccadilly,tube,5,Part Closure,"PICCADILLY LINE: From 0200 Saturday 26 and all day Sunday 27 September (including Friday and Saturday Night Tube), no service between Cockfosters and Acton Town. Trains continue to operate between Acton Town and Heathrow. Use DISTRICT LINE trains between Central London and Acton Town / Ealing Common and METROPOLITAN LINE trains between Rayners Lane and Uxbridge. Use ELIZABETH LINE trains for travel between Central London and Heathrow. Replacement buses operate.",PlannedWork,2026-09-26T00:15:00Z,2026-09-28T03:15:00Z
2026-09-26T01:59:59+00:00,victoria,Victoria,tube,10,Good Service,,,,
2026-09-26T01:59:59+00:00,waterloo-city,Waterloo & City,tube,20,Service Closed,Waterloo and City Line: Service will resume at 06:00 on Monday.,RealTime,2026-09-25T23:37:00Z,2026-09-26T04:59:42Z
2026-09-26T07:33:26+00:00,bakerloo,Bakerloo,tube,10,Good Service,,,,
2026-09-26T07:33:26+00:00,central,Central,tube,5,Part Closure,"CENTRAL LINE: Saturday 26 September & Sunday 27 September, no service (including Saturday Night Tube) between Liverpool Street and Woodford / Newbury Park. Replacement buses operate. For Night journeys to Wanstead, Redbridge and Gants Hill, please use Night Bus Route N8.",PlannedWork,2026-09-26T03:32:00Z,2026-09-28T00:29:00Z
2026-09-26T07:33:26+00:00,circle,Circle,tube,9,Minor Delays,Circle Line: Minor delays due to train cancellations.,RealTime,2026-09-26T04:20:19Z,2026-09-27T00:29:00Z
2026-09-26T07:33:26+00:00,district,District,tube,10,Good Service,,,,
2026-09-26T07:33:26+00:00,hammersmith-city,Hammersmith & City,tube,10,Good Service,,,,
2026-09-26T07:33:26+00:00,jubilee,Jubilee,tube,9,Minor Delays,Jubilee Line: Minor delays due to a trespasser on the track earlier at Dollis Hill.,RealTime,2026-09-26T06:35:25Z,2026-09-27T00:29:00Z
2026-09-26T07:33:26+00:00,metropolitan,Metropolitan,tube,9,Minor Delays,Metropolitan Line: Severe delays between Moor Park and Watford due to train cancellations. MINOR DELAYS on the rest of the line due to a trespasser on the track earlier at Dollis Hill. Southbound Metropolitan trains are not stopping at stations between Moor Park and Harrow-On-The-Hill while we fix a signal failure at Rickmansworth. Please change at Harrow-On-The-Hill or Moor Park to complete your journey.,RealTime,2026-09-26T07:24:55Z,2026-09-27T00:29:00Z
2026-09-26T07:33:26+00:00,metropolitan,Metropolitan,tube,6,Severe Delays,Metropolitan Line: Severe delays between Moor Park and Watford due to train cancellations. MINOR DELAYS on the rest of the line due to a trespasser on the track earlier at Dollis Hill. Southbound Metropolitan trains are not stopping at stations between Moor Park and Harrow-On-The-Hill while we fix a signal failure at Rickmansworth. Please change at Harrow-On-The-Hill or Moor Park to complete your journey.,RealTime,2026-09-26T07:24:55Z,2026-09-27T00:29:00Z
2026-09-26T07:33:26+00:00,northern,Northern,tube,10,Good Service,,,,
2026-09-26T07:33:26+00:00,piccadilly,Piccadilly,tube,5,Part Closure,"PICCADILLY LINE: From 0200 Saturday 26 and all day Sunday 27 September (including Friday and Saturday Night Tube), no service between Cockfosters and Uxbridge. Trains continue to operate between Acton Town and Heathrow. Use DISTRICT LINE trains between Central London and Acton Town / Ealing Common and METROPOLITAN LINE trains between Rayners Lane and Uxbridge. Use ELIZABETH LINE trains for travel between Central London and Heathrow. Replacement buses operate.",PlannedWork,2026-09-26T00:15:00Z,2026-09-28T03:15:00Z
2026-09-26T07:33:26+00:00,victoria,Victoria,tube,10,Good Service,,,,
2026-09-26T07:33:26+00:00,waterloo-city,Waterloo & City,tube,4,Planned Closure,"Waterloo & City line: service operates 06:00 until 00:30, Monday to Friday only. There is no service on Saturdays, Sundays and on bank/public holidays.",Information,2026-09-26T03:15:00Z,2026-09-26T22:59:00Z
2026-09-26T12:26:43+00:00,bakerloo,Bakerloo,tube,10,Good Service,,,,
2026-09-26T12:26:43+00:00,central,Central,tube,5,Part Closure,"CENTRAL LINE: Saturday 26 September & Sunday 27 September, no service (including Saturday Night Tube) between Liverpool Street and Woodford / Newbury Park. Replacement buses operate. For Night journeys to Wanstead, Redbridge and Gants Hill, please use Night Bus Route N8.",PlannedWork,2026-09-26T03:32:00Z,2026-09-28T00:29:00Z
2026-09-26T12:26:43+00:00,central,Central,tube,3,Part Suspended,Central Line: No service between Woodford and Loughton while we conduct a track inspection at Buckhurst Hill. Tickets are being accepted on London Buses. NO SERVICE between Liverpool Street and Woodford / Newbury Park due to planned engineering work. GOOD SERVICE on the rest of the line.,RealTime,2026-09-26T11:56:55Z,2026-09-26T15:25:56Z
2026-09-26T12:26:43+00:00,circle,Circle,tube,10,Good Service,,,,
2026-09-26T12:26:43+00:00,district,District,tube,10,Good Service,,,,
2026-09-26T12:26:43+00:00,hammersmith-city,Hammersmith & City,tube,10,Good Service,,,,
2026-09-26T12:26:43+00:00,jubilee,Jubilee,tube,10,Good Service,,,,
2026-09-26T12:26:43+00:00,metropolitan,Metropolitan,tube,9,Minor Delays,Metropolitan Line: Minor delays between Moor Park and Watford and between Harrow-On-The-Hill and Uxbridge due to train cancellations. GOOD SERVICE on the rest of the line.,RealTime,2026-09-26T10:54:59Z,2026-09-27T00:29:00Z
2026-09-26T12:26:43+00:00,metropolitan,Metropolitan,tube,9,Minor Delays,Metropolitan Line: Minor delays between Moor Park and Watford and between Harrow-On-The-Hill and Uxbridge due to train cancellations. GOOD SERVICE on the rest of the line.,RealTime,2026-09-26T10:54:59Z,2026-09-27T00:29:00Z
2026-09-26T12:26:43+00:00,northern,Northern,tube,10,Good Service,,,,
2026-09-26T12:26:43+00:00,piccadilly,Piccadilly,tube,5,Part Closure,"PICCADILLY LINE: From 0200 Saturday 26 and all day Sunday 27 September (including Friday and Saturday Night Tube), no service between Cockfosters and Uxbridge. Trains continue to operate between Acton Town and Heathrow. Use DISTRICT LINE trains between Central London and Acton Town / Ealing Common and METROPOLITAN LINE trains between Rayners Lane and Uxbridge. Use ELIZABETH LINE trains for travel between Central London and Heathrow. Replacement buses operate.",PlannedWork,2026-09-26T00:15:00Z,2026-09-28T03:15:00Z
2026-09-26T12:26:43+00:00,victoria,Victoria,tube,10,Good Service,,,,
2026-09-26T12:26:43+00:00,waterloo-city,Waterloo & City,tube,4,Planned Closure,"Waterloo & City line: service operates 06:00 until 00:30, Monday to Friday only. There is no service on Saturdays, Sundays and on bank/public holidays.",Information,2026-09-26T03:15:00Z,2026-09-26T22:59:00Z
2026-09-26T16:40:37+00:00,bakerloo,Bakerloo,tube,10,Good Service,,,,
2026-09-26T16:40:37+00:00,central,Central,tube,5,Part Closure,"CENTRAL LINE: Saturday 26 September & Sunday 27 September, no service (including Saturday Night Tube) between Liverpool Street and Woodford / Newbury Park. Replacement buses operate. For Night journeys to Wanstead, Redbridge and Gants Hill, please use Night Bus Route N8.",PlannedWork,2026-09-26T03:32:00Z,2026-09-28T00:29:00Z
2026-09-26T16:40:37+00:00,circle,Circle,tube,10,Good Service,,,,
2026-09-26T16:40:37+00:00,district,District,tube,10,Good Service,,,,
2026-09-26T16:40:37+00:00,hammersmith-city,Hammersmith & City,tube,10,Good Service,,,,
2026-09-26T16:40:37+00:00,jubilee,Jubilee,tube,9,Minor Delays,Jubilee Line: Minor delays due to train cancellations,RealTime,2026-09-26T12:37:01Z,2026-09-27T00:29:00Z
2026-09-26T16:40:37+00:00,metropolitan,Metropolitan,tube,3,Part Suspended,Metropolitan Line: No service between Chalfont & Latimer and Chesham while we fix a signal failure at Chalfont & Latimer. GOOD SERVICE on the rest of the line.,RealTime,2026-09-26T16:25:19Z,2026-09-26T19:39:41Z
2026-09-26T16:40:37+00:00,northern,Northern,tube,10,Good Service,,,,
2026-09-26T16:40:37+00:00,piccadilly,Piccadilly,tube,5,Part Closure,"PICCADILLY LINE: From 0200 Saturday 26 and all day Sunday 27 September (including Friday and Saturday Night Tube), no service between Cockfosters and Uxbridge. Trains continue to operate between Acton Town and Heathrow. Use DISTRICT LINE trains between Central London and Acton Town / Ealing Common and METROPOLITAN LINE trains between Rayners Lane and Uxbridge. Use ELIZABETH LINE trains for travel between Central London and Heathrow. Replacement buses operate.",PlannedWork,2026-09-26T00:15:00Z,2026-09-28T03:15:00Z
2026-09-26T16:40:37+00:00,victoria,Victoria,tube,9,Minor Delays,Victoria Line: Minor delays due to train cancellations.,RealTime,2026-09-26T13:43:14Z,2026-09-27T00:29:00Z
2026-09-26T16:40:37+00:00,waterloo-city,Waterloo & City,tube,4,Planned Closure,"Waterloo & City line: service operates 06:00 until 00:30, Monday to Friday only. There is no service on Saturdays, Sundays and on bank/public holidays.",Information,2026-09-26T03:15:00Z,2026-09-26T22:59:00Z
2026-09-26T19:27:40+00:00,bakerloo,Bakerloo,tube,10,Good Service,,,,
2026-09-26T19:27:40+00:00,central,Central,tube,5,Part Closure,"CENTRAL LINE: Saturday 26 September & Sunday 27 September, no service (including Saturday Night Tube) between Liverpool Street and Woodford / Newbury Park. Replacement buses operate. For Night journeys to Wanstead, Redbridge and Gants Hill, please use Night Bus Route N8.",PlannedWork,2026-09-26T03:32:00Z,2026-09-28T00:29:00Z
2026-09-26T19:27:40+00:00,circle,Circle,tube,10,Good Service,,,,
2026-09-26T19:27:40+00:00,district,District,tube,10,Good Service,,,,
2026-09-26T19:27:40+00:00,hammersmith-city,Hammersmith & City,tube,10,Good Service,,,,
2026-09-26T19:27:40+00:00,jubilee,Jubilee,tube,9,Minor Delays,Jubilee Line: Minor delays due to train cancellations,RealTime,2026-09-26T12:37:01Z,2026-09-27T00:29:00Z
2026-09-26T19:27:40+00:00,metropolitan,Metropolitan,tube,10,Good Service,,,,
2026-09-26T19:27:40+00:00,northern,Northern,tube,10,Good Service,,,,
2026-09-26T19:27:40+00:00,piccadilly,Piccadilly,tube,5,Part Closure,"PICCADILLY LINE: From 0200 Saturday 26 and all day Sunday 27 September (including Friday and Saturday Night Tube), no service between Cockfosters and Uxbridge. Trains continue to operate between Acton Town and Heathrow. Use DISTRICT LINE trains between Central London and Acton Town / Ealing Common and METROPOLITAN LINE trains between Rayners Lane and Uxbridge. Use ELIZABETH LINE trains for travel between Central London and Heathrow. Replacement buses operate.",PlannedWork,2026-09-26T00:15:00Z,2026-09-28T03:15:00Z
2026-09-26T19:27:40+00:00,victoria,Victoria,tube,6,Severe Delays,Victoria Line: Severe delays due to train cancellations.,RealTime,2026-09-26T18:26:44Z,2026-09-27T00:29:00Z
2026-09-26T19:27:40+00:00,waterloo-city,Waterloo & City,tube,4,Planned Closure,"Waterloo & City line: service operates 06:00 until 00:30, Monday to Friday only. There is no service on Saturdays, Sundays and on bank/public holidays.",Information,2026-09-26T03:15:00Z,2026-09-26T22:59:00Z
2026-09-26T22:09:35+00:00,bakerloo,Bakerloo,tube,10,Good Service,,,,
2026-09-26T22:09:35+00:00,central,Central,tube,5,Part Closure,"CENTRAL LINE: Saturday 26 September & Sunday 27 September, no service (including Saturday Night Tube) between Liverpool Street and Woodford / Newbury Park. Replacement buses operate. For Night journeys to Wanstead, Redbridge and Gants Hill, please use Night Bus Route N8.",PlannedWork,2026-09-26T03:32:00Z,2026-09-28T00:29:00Z
2026-09-26T22:09:35+00:00,circle,Circle,tube,9,Minor Delays,Circle Line: Minor delays clockwise only due to train cancellations. GOOD SERVICE anti clockwise.,RealTime,2026-09-26T21:56:41Z,2026-09-27T00:29:00Z
2026-09-26T22:09:35+00:00,district,District,tube,10,Good Service,,,,
2026-09-26T22:09:35+00:00,hammersmith-city,Hammersmith & City,tube,10,Good Service,,,,
2026-09-26T22:09:35+00:00,jubilee,Jubilee,tube,9,Minor Delays,Jubilee Line: Minor delays due to train cancellations,RealTime,2026-09-26T12:37:01Z,2026-09-27T00:29:00Z
2026-09-26T22:09:35+00:00,metropolitan,Metropolitan,tube,10,Good Service,,,,
2026-09-26T22:09:35+00:00,northern,Northern,tube,9,Minor Delays,Northern Line: Minor delays between Kennington and Camden Town via Bank northbound only due to an earlier points failure at Morden. GOOD SERVICE on the rest of the line.,RealTime,2026-09-26T21:57:55Z,2026-09-27T00:29:00Z
2026-09-26T22:09:35+00:00,piccadilly,Piccadilly,tube,5,Part Closure,"PICCADILLY LINE: From 0200 Saturday 26 and all day Sunday 27 September (including Friday and Saturday Night Tube), no service between Cockfosters and Uxbridge. Trains continue to operate between Acton Town and Heathrow. Use DISTRICT LINE trains between Central London and Acton Town / Ealing Common and METROPOLITAN LINE trains between Rayners Lane and Uxbridge. Use ELIZABETH LINE trains for travel between Central London and Heathrow. Replacement buses operate.",PlannedWork,2026-09-26T00:15:00Z,2026-09-28T03:15:00Z
2026-09-26T22:09:35+00:00,victoria,Victoria,tube,6,Severe Delays,Victoria Line: Severe delays due to train cancellations.,RealTime,2026-09-26T18:26:44Z,2026-09-27T00:29:00Z
2026-09-26T22:09:35+00:00,waterloo-city,Waterloo & City,tube,4,Planned Closure,"Waterloo & City line: service operates 06:00 until 00:30, Monday to Friday only. There is no service on Saturdays, Sundays and on bank/public holidays.",Information,2026-09-26T03:15:00Z,2026-09-26T22:59:00Z
2026-09-27T00:38:17+00:00,bakerloo,Bakerloo,tube,20,Service Closed,Bakerloo Line: Service will resume later this morning.,RealTime,2026-09-27T00:13:38Z,2026-09-27T03:37:20Z
2026-09-27T00:38:17+00:00,central,Central,tube,5,Part Closure,"CENTRAL LINE: Saturday 26 September & Sunday 27 September, no service (including Saturday Night Tube) between Liverpool Street and Woodford / Newbury Park. Replacement buses operate. For Night journeys to Wanstead, Redbridge and Gants Hill, please use Night Bus Route N8.",PlannedWork,2026-09-26T03:32:00Z,2026-09-28T00:29:00Z
2026-09-27T00:38:17+00:00,circle,Circle,tube,20,Service Closed,Circle Line: Service will resume later this morning.,RealTime,2026-09-27T00:14:11Z,2026-09-27T03:37:20Z
2026-09-27T00:38:17+00:00,district,District,tube,20,Service Closed,District Line: Service will resume later this morning.,RealTime,2026-09-27T00:14:20Z,2026-09-27T03:37:20Z
2026-09-27T00:38:17+00:00,hammersmith-city,Hammersmith & City,tube,20,Service Closed,Hammersmith and City Line: Service will resume later this morning.,RealTime,2026-09-27T00:19:01Z,2026-09-27T03:37:20Z
2026-09-27T00:38:17+00:00,jubilee,Jubilee,tube,10,Good Service,,,,
2026-09-27T00:38:17+00:00,metropolitan,Metropolitan,tube,20,Service Closed,Metropolitan Line: Service will resume later this morning.,RealTime,2026-09-27T00:19:26Z,2026-09-27T03:37:20Z
2026-09-27T00:38:17+00:00,northern,Northern,tube,10,Good Service,,,,
2026-09-27T00:38:17+00:00,piccadilly,Piccadilly,tube,5,Part Closure,"PICCADILLY LINE: From 0200 Saturday 26 and all day Sunday 27 September (including Friday and Saturday Night Tube), no service between Cockfosters and Uxbridge. Trains continue to operate between Acton Town and Heathrow. Use DISTRICT LINE trains between Central London and Acton Town / Ealing Common and METROPOLITAN LINE trains between Rayners Lane and Uxbridge. Use ELIZABETH LINE trains for travel between Central London and Heathrow. Replacement buses operate.",PlannedWork,2026-09-26T00:15:00Z,2026-09-28T03:15:00Z
2026-09-27T00:38:17+00:00,victoria,Victoria,tube,9,Minor Delays,Victoria Line: Minor delays due to train cancellations.,RealTime,2026-09-27T00:19:14Z,2026-09-28T00:29:00Z
2026-09-27T00:38:17+00:00,waterloo-city,Waterloo & City,tube,20,Service Closed,Waterloo and City Line: Service will resume at 06:00 on Monday.,RealTime,2026-09-27T00:27:09Z,2026-09-27T03:37:20Z
2026-09-27T05:47:58+00:00,bakerloo,Bakerloo,tube,10,Good Service,,,,
2026-09-27T05:47:58+00:00,central,Central,tube,5,Part Closure,"CENTRAL LINE: Saturday 26 September & Sunday 27 September, no service (including Saturday Night Tube) between Liverpool Street and Woodford / Newbury Park. Replacement buses operate. For Night journeys to Wanstead, Redbridge and Gants Hill, please use Night Bus Route N8.",PlannedWork,2026-09-26T03:32:00Z,2026-09-28T00:29:00Z
2026-09-27T05:47:58+00:00,circle,Circle,tube,10,Good Service,,,,
2026-09-27T05:47:58+00:00,district,District,tube,9,Minor Delays,District Line: Minor delays between Earl's Court and Wimbledon due to train cancellations. GOOD SERVICE on the rest of the line.,RealTime,2026-09-27T05:45:59Z,2026-09-28T00:29:00Z
2026-09-27T05:47:58+00:00,hammersmith-city,Hammersmith & City,tube,10,Good Service,,,,
2026-09-27T05:47:58+00:00,jubilee,Jubilee,tube,10,Good Service,,,,
2026-09-27T05:47:58+00:00,metropolitan,Metropolitan,tube,10,Good Service,,,,
2026-09-27T05:47:58+00:00,northern,Northern,tube,10,Good Service,,,,
2026-09-27T05:47:58+00:00,piccadilly,Piccadilly,tube,5,Part Closure,"PICCADILLY LINE: From 0200 Saturday 26 and all day Sunday 27 September (including Friday and Saturday Night Tube), no service between Cockfosters and Uxbridge. Trains continue to operate between Acton Town and Heathrow. Use DISTRICT LINE trains between Central London and Acton Town / Ealing Common and METROPOLITAN LINE trains between Rayners Lane and Uxbridge. Use ELIZABETH LINE trains for travel between Central London and Heathrow. Replacement buses operate.",PlannedWork,2026-09-26T00:15:00Z,2026-09-28T03:15:00Z
2026-09-27T05:47:58+00:00,victoria,Victoria,tube,9,Minor Delays,Victoria Line: Minor delays due to train cancellations.,RealTime,2026-09-27T01:23:19Z,2026-09-28T00:29:00Z
2026-09-27T05:47:58+00:00,waterloo-city,Waterloo & City,tube,4,Planned Closure,"Waterloo & City line: service operates 06:00 until 00:30, Monday to Friday only. There is no service on Saturdays, Sundays and on bank/public holidays.",Information,2026-09-27T03:15:00Z,2026-09-27T22:59:00Z
2026-09-27T10:51:47+00:00,bakerloo,Bakerloo,tube,10,Good Service,,,,
2026-09-27T10:51:47+00:00,central,Central,tube,5,Part Closure,"CENTRAL LINE: Saturday 26 September & Sunday 27 September, no service (including Saturday Night Tube) between Liverpool Street and Woodford / Newbury Park. Replacement buses operate. For Night journeys to Wanstead, Redbridge and Gants Hill, please use Night Bus Route N8.",PlannedWork,2026-09-26T03:32:00Z,2026-09-28T00:29:00Z
2026-09-27T10:51:47+00:00,central,Central,tube,6,Severe Delays,"Central Line: No service between Liverpool Street and Woodford / Newbury Park due to planned engineering work. SEVERE DELAYS between White City and West Ruislip. MINOR DELAYS between White City and Ealing Broadway due to earlier faulty trains at Liverpool Street. Tickets are being accepted on London Buses, Elizabeth line and Chiltern Railway. GOOD SERVICE on the rest of the line.",RealTime,2026-09-27T09:57:17Z,2026-09-28T00:29:00Z
2026-09-27T10:51:47+00:00,central,Central,tube,9,Minor Delays,"Central Line: No service between Liverpool Street and Woodford / Newbury Park due to planned engineering work. SEVERE DELAYS between White City and West Ruislip. MINOR DELAYS between White City and Ealing Broadway due to earlier faulty trains at Liverpool Street. Tickets are being accepted on London Buses, Elizabeth line and Chiltern Railway. GOOD SERVICE on the rest of the line.",RealTime,2026-09-27T09:57:17Z,2026-09-28T00:29:00Z
2026-09-27T10:51:47+00:00,circle,Circle,tube,10,Good Service,,,,
2026-09-27T10:51:47+00:00,district,District,tube,3,Part Suspended,District Line: No service between Earl's Court and Kensington (Olympia) due to train cancellations. Tickets are being accepted on the Mildmay line (West Brompton - Willesden Junction) and on London Buses. GOOD SERVICE on the rest of the line.,RealTime,2026-09-27T10:15:42Z,2026-09-27T13:51:13Z
2026-09-27T10:51:47+00:00,hammersmith-city,Hammersmith & City,tube,10,Good Service,,,,
2026-09-27T10:51:47+00:00,jubilee,Jubilee,tube,10,Good Service,,,,
2026-09-27T10:51:47+00:00,metropolitan,Metropolitan,tube,9,Minor Delays,Metropolitan Line: Minor delays between Moor Park and Watford due to train cancellations. GOOD SERVICE on the rest of the line.,RealTime,2026-09-27T08:00:42Z,2026-09-28T00:29:00Z
2026-09-27T10:51:47+00:00,northern,Northern,tube,10,Good Service,,,,
2026-09-27T10:51:47+00:00,piccadilly,Piccadilly,tube,5,Part Closure,"PICCADILLY LINE: From 0200 Saturday 26 and all day Sunday 27 September (including Friday and Saturday Night Tube), no service between Cockfosters and Uxbridge. Trains continue to operate between Acton Town and Heathrow. Use DISTRICT LINE trains between Central London and Acton Town / Ealing Common and METROPOLITAN LINE trains between Rayners Lane and Uxbridge. Use ELIZABETH LINE trains for travel between Central London and Heathrow. Replacement buses operate.",PlannedWork,2026-09-26T00:15:00Z,2026-09-28T03:15:00Z
2026-09-27T10:51:47+00:00,victoria,Victoria,tube,9,Minor Delays,Victoria Line: Minor delays due to a tack fault at Brixton.,RealTime,2026-09-27T10:22:52Z,2026-09-28T00:29:00Z
2026-09-27T10:51:47+00:00,waterloo-city,Waterloo & City,tube,4,Planned Closure,"Waterloo & City line: service operates 06:00 until 00:30, Monday to Friday only. There is no service on Saturdays, Sundays and on bank/public holidays.",Information,2026-09-27T03:15:00Z,2026-09-27T22:59:00Z
2026-09-27T15:33:45+00:00,bakerloo,Bakerloo,tube,10,Good Service,,,,
2026-09-27T15:33:45+00:00,central,Central,tube,5,Part Closure,"CENTRAL LINE: Saturday 26 September & Sunday 27 September, no service (including Saturday Night Tube) between Liverpool Street and Woodford / Newbury Park. Replacement buses operate. For Night journeys to Wanstead, Redbridge and Gants Hill, please use Night Bus Route N8.",PlannedWork,2026-09-26T03:32:00Z,2026-09-28T00:29:00Z
2026-09-27T15:33:45+00:00,central,Central,tube,9,Minor Delays,Central Line: No service between Liverpool Street and Woodford / Newbury Park due to planned engineering work. MINOR DELAYS between Liverpool Street and Ealing Broadway/West Ruislip due to an earlier signal failure at St. Paul's. GOOD SERVICE on the rest of the line.,RealTime,2026-09-27T14:24:46Z,2026-09-28T00:29:00Z
2026-09-27T15:33:45+00:00,central,Central,tube,9,Minor Delays,Central Line: No service between Liverpool Street and Woodford / Newbury Park due to planned engineering work. MINOR DELAYS between Liverpool Street and Ealing Broadway/West Ruislip due to an earlier signal failure at St. Paul's. GOOD SERVICE on the rest of the line.,RealTime,2026-09-27T14:24:46Z,2026-09-28T00:29:00Z
2026-09-27T15:33:45+00:00,circle,Circle,tube,10,Good Service,,,,
2026-09-27T15:33:45+00:00,district,District,tube,3,Part Suspended,District Line: No service between Earl's Court and Kensington (Olympia) due to train cancellations. Tickets are being accepted on the Mildmay line (West Brompton - Willesden Junction) and on London Buses. GOOD SERVICE on the rest of the line.,RealTime,2026-09-27T10:15:42Z,2026-09-27T18:33:02Z
2026-09-27T15:33:45+00:00,hammersmith-city,Hammersmith & City,tube,10,Good Service,,,,
2026-09-27T15:33:45+00:00,jubilee,Jubilee,tube,10,Good Service,,,,
2026-09-27T15:33:45+00:00,metropolitan,Metropolitan,tube,9,Minor Delays,Metropolitan Line: Minor delays between Moor Park and Watford due to train cancellations. GOOD SERVICE on the rest of the line.,RealTime,2026-09-27T14:20:11Z,2026-09-28T00:29:00Z
2026-09-27T15:33:45+00:00,northern,Northern,tube,10,Good Service,,,,
2026-09-27T15:33:45+00:00,piccadilly,Piccadilly,tube,5,Part Closure,"PICCADILLY LINE: From 0200 Saturday 26 and all day Sunday 27 September (including Friday and Saturday Night Tube), no service between Cockfosters and Uxbridge. Trains continue to operate between Acton Town and Heathrow. Use DISTRICT LINE trains between Central London and Acton Town / Ealing Common and METROPOLITAN LINE trains between Rayners Lane and Uxbridge. Use ELIZABETH LINE trains for travel between Central London and Heathrow. Replacement buses operate.",PlannedWork,2026-09-26T00:15:00Z,2026-09-28T03:15:00Z
2026-09-27T15:33:45+00:00,victoria,Victoria,tube,9,Minor Delays,Victoria Line: Minor delays due to a track fault at Brixton.,RealTime,2026-09-27T12:50:30Z,2026-09-28T00:29:00Z
2026-09-27T15:33:45+00:00,waterloo-city,Waterloo & City,tube,4,Planned Closure,"Waterloo & City line: service operates 06:00 until 00:30, Monday to Friday only. There is no service on Saturdays, Sundays and on bank/public holidays.",Information,2026-09-27T03:15:00Z,2026-09-27T22:59:00Z
2026-09-27T19:15:36+00:00,bakerloo,Bakerloo,tube,10,Good Service,,,,
2026-09-27T19:15:36+00:00,central,Central,tube,5,Part Closure,"CENTRAL LINE: Saturday 26 September & Sunday 27 September, no service (including Saturday Night Tube) between Liverpool Street and Woodford / Newbury Park. Replacement buses operate. For Night journeys to Wanstead, Redbridge and Gants Hill, please use Night Bus Route N8.",PlannedWork,2026-09-26T03:32:00Z,2026-09-28T00:29:00Z
2026-09-27T19:15:36+00:00,circle,Circle,tube,10,Good Service,,,,
2026-09-27T19:15:36+00:00,district,District,tube,10,Good Service,,,,
2026-09-27T19:15:36+00:00,hammersmith-city,Hammersmith & City,tube,10,Good Service,,,,
2026-09-27T19:15:36+00:00,jubilee,Jubilee,tube,10,Good Service,,,,
2026-09-27T19:15:36+00:00,metropolitan,Metropolitan,tube,10,Good Service,,,,
2026-09-27T19:15:36+00:00,northern,Northern,tube,10,Good Service,,,,
2026-09-27T19:15:36+00:00,piccadilly,Piccadilly,tube,5,Part Closure,"PICCADILLY LINE: From 0200 Saturday 26 and all day Sunday 27 September (including Friday and Saturday Night Tube), no service between Cockfosters and Uxbridge. Trains continue to operate between Acton Town and Heathrow. Use DISTRICT LINE trains between Central London and Acton Town / Ealing Common and METROPOLITAN LINE trains between Rayners Lane and Uxbridge. Use ELIZABETH LINE trains for travel between Central London and Heathrow. Replacement buses operate.",PlannedWork,2026-09-26T00:15:00Z,2026-09-28T03:15:00Z
2026-09-27T19:15:36+00:00,victoria,Victoria,tube,6,Severe Delays,"Victoria Line: Severe delays due to a track fault at Brixton. Tickets will be accepted on London Buses, Weaver line, Suffragette line, Great Northern, Thameslink, South Western Railway, Southeastern and Greater Anglia.",RealTime,2026-09-27T17:22:11Z,2026-09-28T00:29:00Z
2026-09-27T19:15:36+00:00,waterloo-city,Waterloo & City,tube,4,Planned Closure,"Waterloo & City line: service operates 06:00 until 00:30, Monday to Friday only. There is no service on Saturdays, Sundays and on bank/public holidays.",Information,2026-09-27T03:15:00Z,2026-09-27T22:59:00Z
2026-09-27T22:21:16+00:00,bakerloo,Bakerloo,tube,10,Good Service,,,,
2026-09-27T22:21:16+00:00,central,Central,tube,5,Part Closure,"CENTRAL LINE: Saturday 26 September & Sunday 27 September, no service (including Saturday Night Tube) between Liverpool Street and Woodford / Newbury Park. Replacement buses operate. For Night journeys to Wanstead, Redbridge and Gants Hill, please use Night Bus Route N8.",PlannedWork,2026-09-26T03:32:00Z,2026-09-28T00:29:00Z
2026-09-27T22:21:16+00:00,circle,Circle,tube,10,Good Service,,,,
2026-09-27T22:21:16+00:00,district,District,tube,10,Good Service,,,,
2026-09-27T22:21:16+00:00,hammersmith-city,Hammersmith & City,tube,10,Good Service,,,,
2026-09-27T22:21:16+00:00,jubilee,Jubilee,tube,10,Good Service,,,,
2026-09-27T22:21:16+00:00,metropolitan,Metropolitan,tube,10,Good Service,,,,
2026-09-27T22:21:16+00:00,northern,Northern,tube,10,Good Service,,,,
2026-09-27T22:21:16+00:00,piccadilly,Piccadilly,tube,5,Part Closure,"PICCADILLY LINE: From 0200 Saturday 26 and all day Sunday 27 September (including Friday and Saturday Night Tube), no service between Cockfosters and Uxbridge. Trains continue to operate between Acton Town and Heathrow. Use DISTRICT LINE trains between Central London and Acton Town / Ealing Common and METROPOLITAN LINE trains between Rayners Lane and Uxbridge. Use ELIZABETH LINE trains for travel between Central London and Heathrow. Replacement buses operate.",PlannedWork,2026-09-26T00:15:00Z,2026-09-28T03:15:00Z
2026-09-27T22:21:16+00:00,victoria,Victoria,tube,6,Severe Delays,"Victoria Line: Severe delays due to a track fault at Brixton. Tickets will be accepted on London Buses, Weaver line, Suffragette line, Great Northern, Thameslink, South Western Railway, Southeastern and Greater Anglia.",RealTime,2026-09-27T17:22:11Z,2026-09-28T00:29:00Z
2026-09-27T22:21:16+00:00,waterloo-city,Waterloo & City,tube,4,Planned Closure,"Waterloo & City line: service operates 06:00 until 00:30, Monday to Friday only. There is no service on Saturdays, Sundays and on bank/public holidays.",Information,2026-09-27T03:15:00Z,2026-09-27T22:59:00Z
2026-09-28T01:03:46+00:00,bakerloo,Bakerloo,tube,20,Service Closed,Bakerloo Line: Service will resume later this morning.,RealTime,2026-09-27T23:53:18Z,2026-09-28T04:02:45Z
2026-09-28T01:03:46+00:00,central,Central,tube,20,Service Closed,Central Line: Service will resume later this morning.,RealTime,2026-09-27T23:53:35Z,2026-09-28T04:02:45Z
2026-09-28T01:03:46+00:00,circle,Circle,tube,20,Service Closed,Circle Line: Service will resume later this morning.,RealTime,2026-09-27T23:53:50Z,2026-09-28T04:02:45Z
2026-09-28T01:03:46+00:00,district,District,tube,20,Service Closed,District Line: Service will resume later this morning.,RealTime,2026-09-27T23:54:00Z,2026-09-28T04:02:45Z
2026-09-28T01:03:46+00:00,hammersmith-city,Hammersmith & City,tube,20,Service Closed,Hammersmith and City Line: Service will resume later this morning,RealTime,2026-09-28T00:06:12Z,2026-09-28T04:02:45Z
2026-09-28T01:03:46+00:00,jubilee,Jubilee,tube,20,Service Closed,Jubilee Line: Service will resume later this morning.,RealTime,2026-09-27T23:54:41Z,2026-09-28T04:02:45Z
2026-09-28T01:03:46+00:00,metropolitan,Metropolitan,tube,20,Service Closed,Metropolitan Line: Service will resume later this morning.,RealTime,2026-09-27T23:54:51Z,2026-09-28T04:02:45Z
2026-09-28T01:03:46+00:00,northern,Northern,tube,20,Service Closed,Northern Line: Service will resume later this morning.,RealTime,2026-09-27T23:55:07Z,2026-09-28T04:02:45Z
2026-09-28T01:03:46+00:00,piccadilly,Piccadilly,tube,20,Service Closed,Piccadilly Line: Service will resume later this morning.,RealTime,2026-09-27T23:56:11Z,2026-09-28T04:02:45Z
2026-09-28T01:03:46+00:00,victoria,Victoria,tube,20,Service Closed,Victoria Line: Service will resume later this morning.,RealTime,2026-09-27T23:56:59Z,2026-09-28T04:02:45Z
2026-09-28T01:03:46+00:00,waterloo-city,Waterloo & City,tube,20,Service Closed,Waterloo and City Line: Service will resume at 06:00.,RealTime,2026-09-27T23:57:40Z,2026-09-28T04:02:45Z
2026-09-28T06:48:47+00:00,bakerloo,Bakerloo,tube,10,Good Service,,,,
2026-09-28T06:48:47+00:00,central,Central,tube,9,Minor Delays,Central Line: Minor delays due to train cancellations.,RealTime,2026-09-28T06:30:43Z,2026-09-29T00:29:00Z
2026-09-28T06:48:47+00:00,circle,Circle,tube,10,Good Service,,,,
2026-09-28T06:48:47+00:00,district,District,tube,10,Good Service,,,,
2026-09-28T06:48:47+00:00,hammersmith-city,Hammersmith & City,tube,10,Good Service,,,,
2026-09-28T06:48:47+00:00,jubilee,Jubilee,tube,10,Good Service,,,,
2026-09-28T06:48:47+00:00,metropolitan,Metropolitan,tube,10,Good Service,,,,
2026-09-28T06:48:47+00:00,northern,Northern,tube,9,Minor Delays,Northern Line: Minor delays due to train cancellations.,RealTime,2026-09-28T05:55:05Z,2026-09-29T00:29:00Z
2026-09-28T06:48:47+00:00,piccadilly,Piccadilly,tube,10,Good Service,,,,
2026-09-28T06:48:47+00:00,victoria,Victoria,tube,6,Severe Delays,"Victoria Line: Severe delays while we fix a signal failure at Brixton. Tickets are being accepted on London Buses, the Weaver line, the Suffragette, Greater Anglia and South Western Railway.",RealTime,2026-09-28T06:09:17Z,2026-09-29T00:29:00Z
2026-09-28T06:48:47+00:00,waterloo-city,Waterloo & City,tube,10,Good Service,,,,
2026-09-28T14:37:02+00:00,bakerloo,Bakerloo,tube,10,Good Service,,,,
2026-09-28T14:37:02+00:00,central,Central,tube,10,Good Service,,,,
2026-09-28T14:37:02+00:00,circle,Circle,tube,10,Good Service,,,,
2026-09-28T14:37:02+00:00,district,District,tube,10,Good Service,,,,
2026-09-28T14:37:02+00:00,hammersmith-city,Hammersmith & City,tube,10,Good Service,,,,
2026-09-28T14:37:02+00:00,jubilee,Jubilee,tube,10,Good Service,,,,
2026-09-28T14:37:02+00:00,metropolitan,Metropolitan,tube,10,Good Service,,,,
2026-09-28T14:37:02+00:00,northern,Northern,tube,10,Good Service,,,,
2026-09-28T14:37:02+00:00,piccadilly,Piccadilly,tube,10,Good Service,,,,
2026-09-28T14:37:02+00:00,victoria,Victoria,tube,6,Severe Delays,"Victoria Line: Severe delays due to a track fault at Brixton. Tickets will be accepted on London Buses, Weaver Line, Suffragette Line, Great Northern. Thameslink, Greater Anglia, South Western Railway and Southeastern services via any reasonable route.",RealTime,2026-09-28T12:00:45Z,2026-09-29T00:29:00Z
2026-09-28T14:37:02+00:00,waterloo-city,Waterloo & City,tube,10,Good Service,,,,
2026-09-28T20:48:50+00:00,bakerloo,Bakerloo,tube,10,Good Service,,,,
2026-09-28T20:48:50+00:00,central,Central,tube,10,Good Service,,,,
2026-09-28T20:48:50+00:00,circle,Circle,tube,10,Good Service,,,,
2026-09-28T20:48:50+00:00,district,District,tube,10,Good Service,,,,
2026-09-28T20:48:50+00:00,hammersmith-city,Hammersmith & City,tube,10,Good Service,,,,
2026-09-28T20:48:50+00:00,jubilee,Jubilee,tube,10,Good Service,,,,
2026-09-28T20:48:50+00:00,metropolitan,Metropolitan,tube,10,Good Service,,,,
2026-09-28T20:48:50+00:00,northern,Northern,tube,10,Good Service,,,,
2026-09-28T20:48:50+00:00,piccadilly,Piccadilly,tube,10,Good Service,,,,
2026-09-28T20:48:50+00:00,victoria,Victoria,tube,6,Severe Delays,"Victoria Line: Severe delays due to a track fault at Brixton. Tickets will be accepted on London Buses, Weaver Line, Suffragette Line, Great Northern. Thameslink, Greater Anglia, South Western Railway and Southeastern services via any reasonable route.",RealTime,2026-09-28T12:00:45Z,2026-09-29T00:29:00Z
2026-09-28T20:48:50+00:00,waterloo-city,Waterloo & City,tube,10,Good Service,,,,
2026-09-29T00:40:16+00:00,bakerloo,Bakerloo,tube,20,Service Closed,Bakerloo Line: Service will resume later this morning.,RealTime,2026-09-29T00:16:15Z,2026-09-29T03:39:22Z
2026-09-29T00:40:16+00:00,central,Central,tube,20,Service Closed,Central Line: Service will resume later this morning.,RealTime,2026-09-29T00:16:28Z,2026-09-29T03:39:22Z
2026-09-29T00:40:16+00:00,circle,Circle,tube,20,Service Closed,Circle Line: Service will resume later this morning.,RealTime,2026-09-29T00:16:41Z,2026-09-29T03:39:22Z
2026-09-29T00:40:16+00:00,district,District,tube,20,Service Closed,District Line: Service will resume later this morning.,RealTime,2026-09-29T00:16:54Z,2026-09-29T03:39:22Z
2026-09-29T00:40:16+00:00,hammersmith-city,Hammersmith & City,tube,20,Service Closed,Hammersmith and City Line: Service will resume later this morning.,RealTime,2026-09-29T00:17:27Z,2026-09-29T03:39:22Z
2026-09-29T00:40:16+00:00,jubilee,Jubilee,tube,20,Service Closed,Jubilee Line: Service will resume later this morning.,RealTime,2026-09-29T00:17:49Z,2026-09-29T03:39:22Z
2026-09-29T00:40:16+00:00,metropolitan,Metropolitan,tube,20,Service Closed,Metropolitan Line: Service will resume later this morning.,RealTime,2026-09-29T00:18:03Z,2026-09-29T03:39:22Z
2026-09-29T00:40:16+00:00,northern,Northern,tube,20,Service Closed,Northern Line: Service will resume later this morning.,RealTime,2026-09-29T00:18:20Z,2026-09-29T03:39:22Z
2026-09-29T00:40:16+00:00,piccadilly,Piccadilly,tube,20,Service Closed,Piccadilly Line: Service will resume later this morning.,RealTime,2026-09-29T00:19:31Z,2026-09-29T03:39:22Z
2026-09-29T00:40:16+00:00,victoria,Victoria,tube,20,Service Closed,Victoria Line: Service will resume later this morning.,RealTime,2026-09-29T00:20:42Z,2026-09-29T03:39:22Z
2026-09-29T00:40:16+00:00,waterloo-city,Waterloo & City,tube,20,Service Closed,Waterloo and City Line: Service will resume at 06:00.,RealTime,2026-09-28T23:29:43Z,2026-09-29T03:39:22Z
2026-09-29T06:17:01+00:00,bakerloo,Bakerloo,tube,10,Good Service,,,,
2026-09-29T06:17:01+00:00,central,Central,tube,9,Minor Delays,Central Line: Minor delays due to train cancellations.,RealTime,2026-09-29T05:39:44Z,2026-09-30T00:29:00Z
2026-09-29T06:17:01+00:00,circle,Circle,tube,9,Minor Delays,Circle Line: Minor delays while we fix a faulty train at High Street Kensington.,RealTime,2026-09-29T05:47:40Z,2026-09-30T00:29:00Z
2026-09-29T06:17:01+00:00,district,District,tube,6,Severe Delays,District Line: Severe delays due to an earlier faulty train at Earl's Court. Tickets are being accepted on London Buses.,RealTime,2026-09-29T06:05:28Z,2026-09-30T00:29:00Z
2026-09-29T06:17:01+00:00,hammersmith-city,Hammersmith & City,tube,10,Good Service,,,,
2026-09-29T06:17:01+00:00,jubilee,Jubilee,tube,10,Good Service,,,,
2026-09-29T06:17:01+00:00,metropolitan,Metropolitan,tube,10,Good Service,,,,
2026-09-29T06:17:01+00:00,northern,Northern,tube,9,Minor Delays,Northern Line: Minor Delays between Camden Town and Kennington via Bank southbound only while we help a person ill on the train at Angel. GOOD SERVICE on the rest of the line.,RealTime,2026-09-29T05:58:30Z,2026-09-30T00:29:00Z
2026-09-29T06:17:01+00:00,piccadilly,Piccadilly,tube,10,Good Service,,,,
2026-09-29T06:17:01+00:00,victoria,Victoria,tube,9,Minor Delays,Victoria Line: Minor delays due to while we fix infrastructure damage at Brixton.,RealTime,2026-09-29T05:14:27Z,2026-09-30T00:29:00Z
2026-09-29T06:17:01+00:00,waterloo-city,Waterloo & City,tube,10,Good Service,,,,
2026-09-29T13:07:43+00:00,bakerloo,Bakerloo,tube,10,Good Service,,,,
2026-09-29T13:07:43+00:00,central,Central,tube,9,Minor Delays,"Central Line: Minor delays between North Acton and Ealing Broadway/West Ruislip, and between Leytonstone and Epping/Hainault via Newbury Park due to train cancellations. GOOD SERVICE on the rest of the line.",RealTime,2026-09-29T12:22:39Z,2026-09-30T00:29:00Z
2026-09-29T13:07:43+00:00,central,Central,tube,9,Minor Delays,"Central Line: Minor delays between North Acton and Ealing Broadway/West Ruislip, and between Leytonstone and Epping/Hainault via Newbury Park due to train cancellations. GOOD SERVICE on the rest of the line.",RealTime,2026-09-29T12:22:39Z,2026-09-30T00:29:00Z
2026-09-29T13:07:43+00:00,central,Central,tube,9,Minor Delays,"Central Line: Minor delays between North Acton and Ealing Broadway/West Ruislip, and between Leytonstone and Epping/Hainault via Newbury Park due to train cancellations. GOOD SERVICE on the rest of the line.",RealTime,2026-09-29T12:22:39Z,2026-09-30T00:29:00Z
2026-09-29T13:07:43+00:00,central,Central,tube,9,Minor Delays,"Central Line: Minor delays between North Acton and Ealing Broadway/West Ruislip, and between Leytonstone and Epping/Hainault via Newbury Park due to train cancellations. GOOD SERVICE on the rest of the line.",RealTime,2026-09-29T12:22:39Z,2026-09-30T00:29:00Z
2026-09-29T13:07:43+00:00,circle,Circle,tube,10,Good Service,,,,
2026-09-29T13:07:43+00:00,district,District,tube,10,Good Service,,,,
2026-09-29T13:07:43+00:00,hammersmith-city,Hammersmith & City,tube,10,Good Service,,,,
2026-09-29T13:07:43+00:00,jubilee,Jubilee,tube,10,Good Service,,,,
2026-09-29T13:07:43+00:00,metropolitan,Metropolitan,tube,9,Minor Delays,"Metropolitan Line: Severe delays between Harrow-on-the-Hill and Watford, and MINOR DELAYS between Moor Park and Amersham due to an earlier signal failure at Harrow-on-the-Hill. Tickets are being accepted on London Buses, Lioness Line, Northwestern Railway and Chiltern Railway via any reasonable route. GOOD SERVICE on the rest of the line.",RealTime,2026-09-29T13:06:46Z,2026-09-30T00:29:00Z
2026-09-29T13:07:43+00:00,metropolitan,Metropolitan,tube,6,Severe Delays,"Metropolitan Line: Severe delays between Harrow-on-the-Hill and Watford, and MINOR DELAYS between Moor Park and Amersham due to an earlier signal failure at Harrow-on-the-Hill. Tickets are being accepted on London Buses, Lioness Line, Northwestern Railway and Chiltern Railway via any reasonable route. GOOD SERVICE on the rest of the line.",RealTime,2026-09-29T13:06:46Z,2026-09-30T00:29:00Z
2026-09-29T13:07:43+00:00,northern,Northern,tube,10,Good Service,,,,
2026-09-29T13:07:43+00:00,piccadilly,Piccadilly,tube,10,Good Service,,,,
2026-09-29T13:07:43+00:00,victoria,Victoria,tube,6,Severe Delays,"Victoria Line: Severe delays due to infrastructure damage at Brixton. Tickets are being accepted on, London Buses, Weaver Line, Suffragette Line, Great Northern, Thameslink, Greater Anglia, South Western Railway and Southeastern services via any reasonable route.",RealTime,2026-09-29T11:13:13Z,2026-09-30T00:29:00Z
2026-09-29T13:07:43+00:00,waterloo-city,Waterloo & City,tube,10,Good Service,,,,
2026-09-29T18:38:40+00:00,bakerloo,Bakerloo,tube,6,Severe Delays,"Bakerloo Line: Severe delays due to an earlier fire alert at Waterloo. Tickets are being accepted on London Buses, Lioness line, London Northwestern Railway and Thameslink.",RealTime,2026-09-29T17:02:58Z,2026-09-30T00:29:00Z
2026-09-29T18:38:40+00:00,central,Central,tube,9,Minor Delays,Central Line: Minor delays due to train cancellations.,RealTime,2026-09-29T15:58:03Z,2026-09-30T00:29:00Z
2026-09-29T18:38:40+00:00,circle,Circle,tube,10,Good Service,,,,
2026-09-29T18:38:40+00:00,district,District,tube,10,Good Service,,,,
2026-09-29T18:38:40+00:00,hammersmith-city,Hammersmith & City,tube,10,Good Service,,,,
2026-09-29T18:38:40+00:00,jubilee,Jubilee,tube,10,Good Service,,,,
2026-09-29T18:38:40+00:00,metropolitan,Metropolitan,tube,10,Good Service,,,,
2026-09-29T18:38:40+00:00,northern,Northern,tube,6,Severe Delays,"Northern Line: No service between Edgware and Colindale, and SEVERE DELAYS between Colindale and  Camden Town while we respond to a trespasser on the track at Edgware.  MINOR DELAYS on the rest of the line due to train cancellations.",RealTime,2026-09-29T18:23:22Z,2026-09-30T00:29:00Z
2026-09-29T18:38:40+00:00,northern,Northern,tube,9,Minor Delays,"Northern Line: No service between Edgware and Colindale, and SEVERE DELAYS between Colindale and  Camden Town while we respond to a trespasser on the track at Edgware.  MINOR DELAYS on the rest of the line due to train cancellations.",RealTime,2026-09-29T18:23:22Z,2026-09-30T00:29:00Z
2026-09-29T18:38:40+00:00,northern,Northern,tube,3,Part Suspended,"Northern Line: No service between Edgware and Colindale, and SEVERE DELAYS between Colindale and  Camden Town while we respond to a trespasser on the track at Edgware.  MINOR DELAYS on the rest of the line due to train cancellations.",RealTime,2026-09-29T18:23:22Z,2026-09-29T21:37:22Z
2026-09-29T18:38:40+00:00,piccadilly,Piccadilly,tube,10,Good Service,,,,
2026-09-29T18:38:40+00:00,victoria,Victoria,tube,6,Severe Delays,"Victoria Line: Severe delays due to infrastructure damage at Brixton. Tickets are being accepted on, London Buses, Weaver Line, Suffragette Line, Great Northern, Thameslink, Greater Anglia, South Western Railway and Southeastern services via any reasonable route.",RealTime,2026-09-29T11:13:13Z,2026-09-30T00:29:00Z
2026-09-29T18:38:40+00:00,waterloo-city,Waterloo & City,tube,10,Good Service,,,,
2026-09-29T22:38:24+00:00,bakerloo,Bakerloo,tube,10,Good Service,,,,
2026-09-29T22:38:24+00:00,central,Central,tube,9,Minor Delays,Central Line: Minor delays due to train cancellations.,RealTime,2026-09-29T15:58:03Z,2026-09-30T00:29:00Z
2026-09-29T22:38:24+00:00,circle,Circle,tube,10,Good Service,,,,
2026-09-29T22:38:24+00:00,district,District,tube,10,Good Service,,,,
2026-09-29T22:38:24+00:00,hammersmith-city,Hammersmith & City,tube,10,Good Service,,,,
2026-09-29T22:38:24+00:00,jubilee,Jubilee,tube,10,Good Service,,,,
2026-09-29T22:38:24+00:00,metropolitan,Metropolitan,tube,10,Good Service,,,,
2026-09-29T22:38:24+00:00,northern,Northern,tube,10,Good Service,,,,
2026-09-29T22:38:24+00:00,piccadilly,Piccadilly,tube,10,Good Service,,,,
2026-09-29T22:38:24+00:00,victoria,Victoria,tube,6,Severe Delays,"Victoria Line: Severe delays due to infrastructure damage at Brixton. Tickets are being accepted on, London Buses, Weaver Line, Suffragette Line, Great Northern, Thameslink, Greater Anglia, South Western Railway and Southeastern services via any reasonable route.",RealTime,2026-09-29T11:13:13Z,2026-09-30T00:29:00Z
2026-09-29T22:38:24+00:00,waterloo-city,Waterloo & City,tube,10,Good Service,,,,
2026-09-30T01:36:19+00:00,bakerloo,Bakerloo,tube,20,Service Closed,Bakerloo Line: Service will resume later this morning.,RealTime,2026-09-30T00:19:01Z,2026-09-30T04:35:02Z
2026-09-30T01:36:19+00:00,central,Central,tube,20,Service Closed,Central Line: Service will resume later this morning.,RealTime,2026-09-30T00:19:42Z,2026-09-30T04:35:02Z
2026-09-30T01:36:19+00:00,circle,Circle,tube,20,Service Closed,Circle Line: Service will resume later this morning.,RealTime,2026-09-30T00:19:59Z,2026-09-30T04:35:02Z
2026-09-30T01:36:19+00:00,district,District,tube,20,Service Closed,District Line: Service will resume later this morning.,RealTime,2026-09-30T00:20:15Z,2026-09-30T04:35:02Z
2026-09-30T01:36:19+00:00,hammersmith-city,Hammersmith & City,tube,20,Service Closed,Hammersmith and City Line: Service will resume later this morning.,RealTime,2026-09-30T00:20:59Z,2026-09-30T04:35:02Z
2026-09-30T01:36:19+00:00,jubilee,Jubilee,tube,20,Service Closed,Jubilee Line: Service will resume later this morning.,RealTime,2026-09-30T00:21:21Z,2026-09-30T04:35:02Z
2026-09-30T01:36:19+00:00,metropolitan,Metropolitan,tube,20,Service Closed,Metropolitan Line: Service will resume later this morning.,RealTime,2026-09-30T00:21:40Z,2026-09-30T04:35:02Z
2026-09-30T01:36:19+00:00,northern,Northern,tube,20,Service Closed,Northern Line: Service will resume later this morning.,RealTime,2026-09-30T00:21:53Z,2026-09-30T04:35:02Z
2026-09-30T01:36:19+00:00,piccadilly,Piccadilly,tube,20,Service Closed,Piccadilly Line: Service will resume later this morning.,RealTime,2026-09-30T00:23:08Z,2026-09-30T04:35:02Z
2026-09-30T01:36:19+00:00,victoria,Victoria,tube,20,Service Closed,Victoria Line: Service will resume later this morning.,RealTime,2026-09-30T00:25:50Z,2026-09-30T04:35:02Z
2026-09-30T01:36:19+00:00,waterloo-city,Waterloo & City,tube,20,Service Closed,Waterloo and City Line: Service will resume at 06:00.,RealTime,2026-09-29T23:35:22Z,2026-09-30T04:35:02Z
2026-09-30T07:27:50+00:00,bakerloo,Bakerloo,tube,10,Good Service,,,,
2026-09-30T07:27:50+00:00,central,Central,tube,10,Good Service,,,,
2026-09-30T07:27:50+00:00,circle,Circle,tube,10,Good Service,,,,
2026-09-30T07:27:50+00:00,district,District,tube,9,Minor Delays,"District Line: Minor delays between Upminster and Earl's Court westbound only, due to an earlier faulty train at Bromley-by-Bow. GOOD SERVICE on the rest of the line.",RealTime,2026-09-30T07:08:00Z,2026-10-01T00:29:00Z
2026-09-30T07:27:50+00:00,hammersmith-city,Hammersmith & City,tube,10,Good Service,,,,
2026-09-30T07:27:50+00:00,jubilee,Jubilee,tube,10,Good Service,,,,
2026-09-30T07:27:50+00:00,metropolitan,Metropolitan,tube,3,Part Suspended,"Metropolitan Line: No service between Aldgate and Uxbridge while we deal with a signalling problem at Rayners Lane and a fire alert in the Kilburn area. Tickets are being accepted on, London Buses, Lioness Line, London Northwestern Railway, Chiltern Railways and Thameslink via any reasonable route. GOOD SERVICE on the rest of the line.",RealTime,2026-09-30T07:26:11Z,2026-09-30T10:27:12Z
2026-09-30T07:27:50+00:00,northern,Northern,tube,10,Good Service,,,,
2026-09-30T07:27:50+00:00,piccadilly,Piccadilly,tube,3,Part Suspended,Piccadilly Line: No service between South Harrow and Uxbridge while we deal with a signalling problem at Rayners Lane. Tickets will be accepted on London Buses via any reasonable route. GOOD SERVICE on the rest of the line.,RealTime,2026-09-30T06:52:54Z,2026-09-30T10:27:12Z
2026-09-30T07:27:50+00:00,victoria,Victoria,tube,6,Severe Delays,"Victoria Line: Severe delays due to infrastructure damage at Brixton. Tickets will be accepted on, London Buses, Weaver Line, Suffragette Line, Great Northern, Thameslink, South Western Railway and Southeastern via any reasonable route.",RealTime,2026-09-30T06:31:34Z,2026-10-01T00:29:00Z
2026-09-30T07:27:50+00:00,waterloo-city,Waterloo & City,tube,10,Good Service,,,,
2026-09-30T14:10:20+00:00,bakerloo,Bakerloo,tube,10,Good Service,,,,
2026-09-30T14:10:20+00:00,central,Central,tube,10,Good Service,,,,
2026-09-30T14:10:20+00:00,circle,Circle,tube,10,Good Service,,,,
2026-09-30T14:10:20+00:00,district,District,tube,10,Good Service,,,,
2026-09-30T14:10:20+00:00,hammersmith-city,Hammersmith & City,tube,10,Good Service,,,,
2026-09-30T14:10:20+00:00,jubilee,Jubilee,tube,6,Severe Delays,"Jubilee Line: Severe delays due to an earlier fire alert at Kilburn. Tickets are being accepted on London Buses, DLR, C2C, Southeastern, Mildmay line, Elizabeth line and Thameslink via any reasonable route.",RealTime,2026-09-30T13:12:26Z,2026-10-01T00:29:00Z
2026-09-30T14:10:20+00:00,metropolitan,Metropolitan,tube,10,Good Service,,,,
2026-09-30T14:10:20+00:00,northern,Northern,tube,10,Good Service,,,,
2026-09-30T14:10:20+00:00,piccadilly,Piccadilly,tube,10,Good Service,,,,
2026-09-30T14:10:20+00:00,victoria,Victoria,tube,6,Severe Delays,"Victoria Line: Severe delays due to a track fault at Brixton. Tickets will be accepted on, London Buses, Weaver Line, Suffragette Line, Great Northern, Thameslink, South Western Railway and Southeastern via any reasonable route.",RealTime,2026-09-30T12:17:51Z,2026-10-01T00:29:00Z
2026-09-30T14:10:20+00:00,waterloo-city,Waterloo & City,tube,10,Good Service,,,,
2026-09-30T19:28:35+00:00,bakerloo,Bakerloo,tube,10,Good Service,,,,
2026-09-30T19:28:35+00:00,central,Central,tube,9,Minor Delays,Central Line: Minor delays between North Acton and West Ruislip / Ealing Broadway and between Leytonstone and Epping / Hainault due to train cancellations. GOOD SERVICE on the rest of the line.,RealTime,2026-09-30T18:30:40Z,2026-10-01T00:29:00Z
2026-09-30T19:28:35+00:00,central,Central,tube,9,Minor Delays,Central Line: Minor delays between North Acton and West Ruislip / Ealing Broadway and between Leytonstone and Epping / Hainault due to train cancellations. GOOD SERVICE on the rest of the line.,RealTime,2026-09-30T18:30:40Z,2026-10-01T00:29:00Z
2026-09-30T19:28:35+00:00,central,Central,tube,9,Minor Delays,Central Line: Minor delays between North Acton and West Ruislip / Ealing Broadway and between Leytonstone and Epping / Hainault due to train cancellations. GOOD SERVICE on the rest of the line.,RealTime,2026-09-30T18:30:40Z,2026-10-01T00:29:00Z
2026-09-30T19:28:35+00:00,central,Central,tube,9,Minor Delays,Central Line: Minor delays between North Acton and West Ruislip / Ealing Broadway and between Leytonstone and Epping / Hainault due to train cancellations. GOOD SERVICE on the rest of the line.,RealTime,2026-09-30T18:30:40Z,2026-10-01T00:29:00Z
2026-09-30T19:28:35+00:00,circle,Circle,tube,10,Good Service,,,,
2026-09-30T19:28:35+00:00,district,District,tube,10,Good Service,,,,
2026-09-30T19:28:35+00:00,hammersmith-city,Hammersmith & City,tube,9,Minor Delays,Hammersmith and City Line: Minor delays between Barking and Liverpool Street westbound only due to train cancellations. GOOD SERVICE on the rest of the line.,RealTime,2026-09-30T19:16:02Z,2026-10-01T00:29:00Z
2026-09-30T19:28:35+00:00,jubilee,Jubilee,tube,10,Good Service,,,,
2026-09-30T19:28:35+00:00,metropolitan,Metropolitan,tube,10,Good Service,,,,
2026-09-30T19:28:35+00:00,northern,Northern,tube,10,Good Service,,,,
2026-09-30T19:28:35+00:00,piccadilly,Piccadilly,tube,10,Good Service,,,,
2026-09-30T19:28:35+00:00,victoria,Victoria,tube,6,Severe Delays,"Victoria Line: Severe delays due to a track fault at Brixton. Tickets will be accepted on, London Buses, Weaver Line, Suffragette Line, Great Northern, Greater Anglia, Thameslink, South Western Railway and Southeastern via any reasonable route.",RealTime,2026-09-30T18:06:29Z,2026-10-01T00:29:00Z
2026-09-30T19:28:35+00:00,waterloo-city,Waterloo & City,tube,10,Good Service,,,,
2026-09-30T23:10:20+00:00,bakerloo,Bakerloo,tube,10,Good Service,,,,
2026-09-30T23:10:20+00:00,central,Central,tube,10,Good Service,,,,
2026-09-30T23:10:20+00:00,circle,Circle,tube,10,Good Service,,,,
2026-09-30T23:10:20+00:00,district,District,tube,10,Good Service,,,,
2026-09-30T23:10:20+00:00,hammersmith-city,Hammersmith & City,tube,10,Good Service,,,,
2026-09-30T23:10:20+00:00,jubilee,Jubilee,tube,10,Good Service,,,,
2026-09-30T23:10:20+00:00,metropolitan,Metropolitan,tube,10,Good Service,,,,
2026-09-30T23:10:20+00:00,northern,Northern,tube,10,Good Service,,,,
2026-09-30T23:10:20+00:00,piccadilly,Piccadilly,tube,10,Good Service,,,,
2026-09-30T23:10:20+00:00,victoria,Victoria,tube,10,Good Service,,,,
2026-09-30T23:10:20+00:00,waterloo-city,Waterloo & City,tube,10,Good Service,,,,
2026-10-01T02:13:00+00:00,bakerloo,Bakerloo,tube,20,Service Closed,Bakerloo Line: Service will resume later this morning.,RealTime,2026-10-01T00:10:55Z,2026-10-01T05:12:25Z
2026-10-01T02:13:00+00:00,central,Central,tube,20,Service Closed,Central Line: Service will resume later this morning.,RealTime,2026-10-01T00:11:03Z,2026-10-01T05:12:25Z
2026-10-01T02:13:00+00:00,circle,Circle,tube,20,Service Closed,Circle Line: Service will resume later this morning.,RealTime,2026-10-01T00:11:09Z,2026-10-01T05:12:25Z
2026-10-01T02:13:00+00:00,district,District,tube,20,Service Closed,District Line: Service will resume later this morning.,RealTime,2026-10-01T00:11:17Z,2026-10-01T05:12:25Z
2026-10-01T02:13:00+00:00,hammersmith-city,Hammersmith & City,tube,20,Service Closed,Hammersmith and City Line: Service will resume later this morning.,RealTime,2026-10-01T00:11:31Z,2026-10-01T05:12:25Z
2026-10-01T02:13:00+00:00,jubilee,Jubilee,tube,20,Service Closed,Jubilee Line: Service will resume later this morning.,RealTime,2026-10-01T00:11:39Z,2026-10-01T05:12:25Z
2026-10-01T02:13:00+00:00,metropolitan,Metropolitan,tube,20,Service Closed,Metropolitan Line: Service will resume later this morning.,RealTime,2026-10-01T00:11:45Z,2026-10-01T05:12:25Z
2026-10-01T02:13:00+00:00,northern,Northern,tube,20,Service Closed,Northern Line: Service will resume later this morning.,RealTime,2026-10-01T00:11:52Z,2026-10-01T05:12:25Z
2026-10-01T02:13:00+00:00,piccadilly,Piccadilly,tube,20,Service Closed,Piccadilly Line: Service will resume later this morning.,RealTime,2026-10-01T00:12:44Z,2026-10-01T05:12:25Z
2026-10-01T02:13:00+00:00,victoria,Victoria,tube,20,Service Closed,Victoria Line: Service will resume later this morning.,RealTime,2026-10-01T00:13:12Z,2026-10-01T05:12:25Z
2026-10-01T02:13:00+00:00,waterloo-city,Waterloo & City,tube,20,Service Closed,Waterloo and City Line: Service will resume at 06:00.,RealTime,2026-09-30T23:33:02Z,2026-10-01T05:12:25Z
2026-10-01T09:04:34+00:00,bakerloo,Bakerloo,tube,10,Good Service,,,,
2026-10-01T09:04:34+00:00,central,Central,tube,9,Minor Delays,Central Line: Minor delays due to train cancellations.,RealTime,2026-10-01T06:00:45Z,2026-10-02T00:29:00Z
2026-10-01T09:04:34+00:00,circle,Circle,tube,10,Good Service,,,,
2026-10-01T09:04:34+00:00,district,District,tube,10,Good Service,,,,
2026-10-01T09:04:34+00:00,hammersmith-city,Hammersmith & City,tube,10,Good Service,,,,
2026-10-01T09:04:34+00:00,jubilee,Jubilee,tube,10,Good Service,,,,
2026-10-01T09:04:34+00:00,metropolitan,Metropolitan,tube,6,Severe Delays,"Metropolitan Line: Severe delays due to an earlier faulty train at Neasden. Tickets are being accepted on London Buses, Lioness Line, London Northwestern and Thameslink services.",RealTime,2026-10-01T08:22:59Z,2026-10-02T00:29:00Z
2026-10-01T09:04:34+00:00,northern,Northern,tube,10,Good Service,,,,
2026-10-01T09:04:34+00:00,piccadilly,Piccadilly,tube,10,Good Service,,,,
2026-10-01T09:04:34+00:00,victoria,Victoria,tube,9,Minor Delays,Victoria Line: Minor delays due to a track fault at Brixton.,RealTime,2026-10-01T09:01:43Z,2026-10-02T00:29:00Z
2026-10-01T09:04:34+00:00,waterloo-city,Waterloo & City,tube,10,Good Service,,,,
2026-10-01T16:23:40+00:00,bakerloo,Bakerloo,tube,10,Good Service,,,,
2026-10-01T16:23:40+00:00,central,Central,tube,9,Minor Delays,Central Line: Minor delays between White City and Ealing Broadway / West Ruislip and between Leytonstone and Epping via Woodford / Hainault via Newbury Park due to train cancellations. GOOD SERVICE on the rest of the line.,RealTime,2026-10-01T15:05:31Z,2026-10-02T00:29:00Z
2026-10-01T16:23:40+00:00,central,Central,tube,9,Minor Delays,Central Line: Minor delays between White City and Ealing Broadway / West Ruislip and between Leytonstone and Epping via Woodford / Hainault via Newbury Park due to train cancellations. GOOD SERVICE on the rest of the line.,RealTime,2026-10-01T15:05:31Z,2026-10-02T00:29:00Z
2026-10-01T16:23:40+00:00,central,Central,tube,9,Minor Delays,Central Line: Minor delays between White City and Ealing Broadway / West Ruislip and between Leytonstone and Epping via Woodford / Hainault via Newbury Park due to train cancellations. GOOD SERVICE on the rest of the line.,RealTime,2026-10-01T15:05:31Z,2026-10-02T00:29:00Z
2026-10-01T16:23:40+00:00,central,Central,tube,9,Minor Delays,Central Line: Minor delays between White City and Ealing Broadway / West Ruislip and between Leytonstone and Epping via Woodford / Hainault via Newbury Park due to train cancellations. GOOD SERVICE on the rest of the line.,RealTime,2026-10-01T15:05:31Z,2026-10-02T00:29:00Z
2026-10-01T16:23:40+00:00,circle,Circle,tube,10,Good Service,,,,
2026-10-01T16:23:40+00:00,district,District,tube,10,Good Service,,,,
2026-10-01T16:23:40+00:00,hammersmith-city,Hammersmith & City,tube,10,Good Service,,,,
2026-10-01T16:23:40+00:00,jubilee,Jubilee,tube,10,Good Service,,,,
2026-10-01T16:23:40+00:00,metropolitan,Metropolitan,tube,10,Good Service,,,,
2026-10-01T16:23:40+00:00,northern,Northern,tube,10,Good Service,,,,
2026-10-01T16:23:40+00:00,piccadilly,Piccadilly,tube,10,Good Service,,,,
2026-10-01T16:23:40+00:00,victoria,Victoria,tube,6,Severe Delays,"Victoria Line: Severe delays due to a track fault at Brixton. Tickets are being accepted on London Buses, Weaver Line, Suffragette Line, Great Northern, Greater Anglia, Thameslink, South Western Railway and Southeastern via any reasonable route.",RealTime,2026-10-01T12:27:11Z,2026-10-02T00:29:00Z
2026-10-01T16:23:40+00:00,waterloo-city,Waterloo & City,tube,10,Good Service,,,,
2026-10-01T21:12:36+00:00,bakerloo,Bakerloo,tube,10,Good Service,,,,
2026-10-01T21:12:36+00:00,central,Central,tube,9,Minor Delays,Central Line: Minor delays between White City and Ealing Broadway / West Ruislip and between Leytonstone and Epping via Woodford / Hainault via Newbury Park due to train cancellations. GOOD SERVICE on the rest of the line.,RealTime,2026-10-01T15:05:31Z,2026-10-02T00:29:00Z
2026-10-01T21:12:36+00:00,central,Central,tube,9,Minor Delays,Central Line: Minor delays between White City and Ealing Broadway / West Ruislip and between Leytonstone and Epping via Woodford / Hainault via Newbury Park due to train cancellations. GOOD SERVICE on the rest of the line.,RealTime,2026-10-01T15:05:31Z,2026-10-02T00:29:00Z
2026-10-01T21:12:36+00:00,central,Central,tube,9,Minor Delays,Central Line: Minor delays between White City and Ealing Broadway / West Ruislip and between Leytonstone and Epping via Woodford / Hainault via Newbury Park due to train cancellations. GOOD SERVICE on the rest of the line.,RealTime,2026-10-01T15:05:31Z,2026-10-02T00:29:00Z
2026-10-01T21:12:36+00:00,central,Central,tube,9,Minor Delays,Central Line: Minor delays between White City and Ealing Broadway / West Ruislip and between Leytonstone and Epping via Woodford / Hainault via Newbury Park due to train cancellations. GOOD SERVICE on the rest of the line.,RealTime,2026-10-01T15:05:31Z,2026-10-02T00:29:00Z
2026-10-01T21:12:36+00:00,circle,Circle,tube,10,Good Service,,,,
2026-10-01T21:12:36+00:00,district,District,tube,10,Good Service,,,,
2026-10-01T21:12:36+00:00,hammersmith-city,Hammersmith & City,tube,10,Good Service,,,,
2026-10-01T21:12:36+00:00,jubilee,Jubilee,tube,10,Good Service,,,,
2026-10-01T21:12:36+00:00,metropolitan,Metropolitan,tube,9,Minor Delays,Metropolitan Line: Severe delays between Harrow-on-the-Hill and Uxbridge due to an earlier signal failure at Rayners Lane. London Buses are accepting tickets via any reasonable route. MINOR DELAYS on the rest of the line.,RealTime,2026-10-01T20:47:31Z,2026-10-02T00:29:00Z
2026-10-01T21:12:36+00:00,metropolitan,Metropolitan,tube,6,Severe Delays,Metropolitan Line: Severe delays between Harrow-on-the-Hill and Uxbridge due to an earlier signal failure at Rayners Lane. London Buses are accepting tickets via any reasonable route. MINOR DELAYS on the rest of the line.,RealTime,2026-10-01T20:47:31Z,2026-10-02T00:29:00Z
2026-10-01T21:12:36+00:00,northern,Northern,tube,10,Good Service,,,,
2026-10-01T21:12:36+00:00,piccadilly,Piccadilly,tube,6,Severe Delays,Piccadilly Line: Severe delays between South Harrow and Uxbridge due to an earlier signal failure at Rayners Lane. London Buses are accepting tickets via any reasonable route. GOOD SERVICE on the rest of the line.,RealTime,2026-10-01T20:57:51Z,2026-10-02T00:29:00Z
2026-10-01T21:12:36+00:00,victoria,Victoria,tube,6,Severe Delays,"Victoria Line: Severe delays due to a track fault at Brixton. Tickets are being accepted on London Buses, Weaver Line, Suffragette Line, Great Northern, Greater Anglia, Thameslink, South Western Railway and Southeastern via any reasonable route.",RealTime,2026-10-01T12:27:11Z,2026-10-02T00:29:00Z
2026-10-01T21:12:36+00:00,waterloo-city,Waterloo & City,tube,10,Good Service,,,,
2026-10-02T00:53:39+00:00,bakerloo,Bakerloo,tube,20,Service Closed,Bakerloo Line: Service will resume later this morning.,RealTime,2026-10-02T00:15:39Z,2026-10-02T03:52:36Z
2026-10-02T00:53:39+00:00,central,Central,tube,20,Service Closed,Central Line: Service will resume later this morning.,RealTime,2026-10-02T00:15:54Z,2026-10-02T03:52:36Z
2026-10-02T00:53:39+00:00,circle,Circle,tube,20,Service Closed,Circle Line: Service will resume later this morning.,RealTime,2026-10-02T00:16:11Z,2026-10-02T03:52:36Z
2026-10-02T00:53:39+00:00,district,District,tube,20,Service Closed,District Line: Service will resume later this morning.,RealTime,2026-10-02T00:16:19Z,2026-10-02T03:52:36Z
2026-10-02T00:53:39+00:00,hammersmith-city,Hammersmith & City,tube,20,Service Closed,Hammersmith and City Line: Service will resume later this morning.,RealTime,2026-10-02T00:16:42Z,2026-10-02T03:52:36Z
2026-10-02T00:53:39+00:00,jubilee,Jubilee,tube,20,Service Closed,Jubilee Line: Service will resume later this morning.,RealTime,2026-10-02T00:16:51Z,2026-10-02T03:52:36Z
2026-10-02T00:53:39+00:00,metropolitan,Metropolitan,tube,20,Service Closed,Metropolitan Line: Service will resume later this morning.,RealTime,2026-10-02T00:17:13Z,2026-10-02T03:52:36Z
2026-10-02T00:53:39+00:00,northern,Northern,tube,20,Service Closed,Northern Line: Service will resume later this morning.,RealTime,2026-10-02T00:17:24Z,2026-10-02T03:52:36Z
2026-10-02T00:53:39+00:00,piccadilly,Piccadilly,tube,20,Service Closed,Piccadilly Line: Service will resume later this morning.,RealTime,2026-10-02T00:18:07Z,2026-10-02T03:52:36Z
2026-10-02T00:53:39+00:00,victoria,Victoria,tube,20,Service Closed,Victoria Line: Service will resume later this morning.,RealTime,2026-10-02T00:18:37Z,2026-10-02T03:52:36Z
2026-10-02T00:53:39+00:00,waterloo-city,Waterloo & City,tube,20,Service Closed,Waterloo and City Line: Service will resume at 06:00.,RealTime,2026-10-01T23:30:46Z,2026-10-02T03:52:36Z
2026-10-02T06:49:56+00:00,bakerloo,Bakerloo,tube,10,Good Service,,,,
2026-10-02T06:49:56+00:00,central,Central,tube,10,Good Service,,,,
2026-10-02T06:49:56+00:00,circle,Circle,tube,6,Severe Delays,Circle Line: Severe delays due to an earlier points failure at Gloucester Road. Tickets will be accepted on London Buses.,RealTime,2026-10-02T06:18:37Z,2026-10-03T00:29:00Z
2026-10-02T06:49:56+00:00,district,District,tube,6,Severe Delays,District Line: Severe delays due to an earlier points failure at Gloucester Road. Tickets will be accepted on London Buses.,RealTime,2026-10-02T06:19:18Z,2026-10-03T00:29:00Z
2026-10-02T06:49:56+00:00,hammersmith-city,Hammersmith & City,tube,10,Good Service,,,,
2026-10-02T06:49:56+00:00,jubilee,Jubilee,tube,10,Good Service,,,,
2026-10-02T06:49:56+00:00,metropolitan,Metropolitan,tube,10,Good Service,,,,
2026-10-02T06:49:56+00:00,northern,Northern,tube,9,Minor Delays,Northern Line: Minor delays due to train cancellations.,RealTime,2026-10-02T06:09:42Z,2026-10-03T00:29:00Z
2026-10-02T06:49:56+00:00,piccadilly,Piccadilly,tube,10,Good Service,,,,
2026-10-02T06:49:56+00:00,victoria,Victoria,tube,6,Severe Delays,"Victoria Line: Severe delays due to a track fault at Brixton. London Buses, Weaver line, Suffragette line, Great Northern, Thameslink and Greater Anglia, South Western Railway and Southeastern are accepting valid tickets via any reasonable route.",RealTime,2026-10-02T06:08:26Z,2026-10-03T00:29:00Z
2026-10-02T06:49:56+00:00,waterloo-city,Waterloo & City,tube,10,Good Service,,,,
2026-10-02T13:21:22+00:00,bakerloo,Bakerloo,tube,10,Good Service,,,,
2026-10-02T13:21:22+00:00,central,Central,tube,10,Good Service,,,,
2026-10-02T13:21:22+00:00,circle,Circle,tube,10,Good Service,,,,
2026-10-02T13:21:22+00:00,district,District,tube,10,Good Service,,,,
2026-10-02T13:21:22+00:00,hammersmith-city,Hammersmith & City,tube,10,Good Service,,,,
2026-10-02T13:21:22+00:00,jubilee,Jubilee,tube,10,Good Service,,,,
2026-10-02T13:21:22+00:00,metropolitan,Metropolitan,tube,10,Good Service,,,,
2026-10-02T13:21:22+00:00,northern,Northern,tube,10,Good Service,,,,
2026-10-02T13:21:22+00:00,piccadilly,Piccadilly,tube,10,Good Service,,,,
2026-10-02T13:21:22+00:00,victoria,Victoria,tube,6,Severe Delays,"Victoria Line: Severe delays due to a track fault at Brixton. London Buses, Weaver line, Suffragette line, Great Northern, Thameslink and Greater Anglia, South Western Railway and Southeastern are accepting valid tickets via any reasonable route.",RealTime,2026-10-02T06:08:26Z,2026-10-03T00:29:00Z
2026-10-02T13:21:22+00:00,waterloo-city,Waterloo & City,tube,10,Good Service,,,,
2026-10-02T18:37:49+00:00,bakerloo,Bakerloo,tube,10,Good Service,,,,
2026-10-02T18:37:49+00:00,central,Central,tube,9,Minor Delays,"Central Line: Minor delays between White City and Ealing Broadway/West Ruislip, and between Leytonstone and Epping/Hainault via Newbury Park due to train cancellations. GOOD SERVICE on the rest of the line.",RealTime,2026-10-02T14:34:29Z,2026-10-03T00:29:00Z
2026-10-02T18:37:49+00:00,central,Central,tube,9,Minor Delays,"Central Line: Minor delays between White City and Ealing Broadway/West Ruislip, and between Leytonstone and Epping/Hainault via Newbury Park due to train cancellations. GOOD SERVICE on the rest of the line.",RealTime,2026-10-02T14:34:29Z,2026-10-03T00:29:00Z
2026-10-02T18:37:49+00:00,central,Central,tube,9,Minor Delays,"Central Line: Minor delays between White City and Ealing Broadway/West Ruislip, and between Leytonstone and Epping/Hainault via Newbury Park due to train cancellations. GOOD SERVICE on the rest of the line.",RealTime,2026-10-02T14:34:29Z,2026-10-03T00:29:00Z
2026-10-02T18:37:49+00:00,central,Central,tube,9,Minor Delays,"Central Line: Minor delays between White City and Ealing Broadway/West Ruislip, and between Leytonstone and Epping/Hainault via Newbury Park due to train cancellations. GOOD SERVICE on the rest of the line.",RealTime,2026-10-02T14:34:29Z,2026-10-03T00:29:00Z
2026-10-02T18:37:49+00:00,circle,Circle,tube,10,Good Service,,,,
2026-10-02T18:37:49+00:00,district,District,tube,10,Good Service,,,,
2026-10-02T18:37:49+00:00,hammersmith-city,Hammersmith & City,tube,10,Good Service,,,,
2026-10-02T18:37:49+00:00,jubilee,Jubilee,tube,10,Good Service,,,,
2026-10-02T18:37:49+00:00,metropolitan,Metropolitan,tube,10,Good Service,,,,
2026-10-02T18:37:49+00:00,northern,Northern,tube,10,Good Service,,,,
2026-10-02T18:37:49+00:00,piccadilly,Piccadilly,tube,10,Good Service,,,,
2026-10-02T18:37:49+00:00,victoria,Victoria,tube,6,Severe Delays,"Victoria Line: Severe delays due to a track fault at Brixton. London Buses, Weaver line, Suffragette line, Great Northern, Thameslink and Greater Anglia, South Western Railway and Southeastern are accepting valid tickets via any reasonable route.",RealTime,2026-10-02T06:08:26Z,2026-10-03T00:29:00Z
2026-10-02T18:37:49+00:00,waterloo-city,Waterloo & City,tube,10,Good Service,,,,
2026-10-02T22:33:51+00:00,bakerloo,Bakerloo,tube,10,Good Service,,,,
2026-10-02T22:33:51+00:00,central,Central,tube,10,Good Service,,,,
2026-10-02T22:33:51+00:00,circle,Circle,tube,10,Good Service,,,,
2026-10-02T22:33:51+00:00,district,District,tube,10,Good Service,,,,
2026-10-02T22:33:51+00:00,hammersmith-city,Hammersmith & City,tube,10,Good Service,,,,
2026-10-02T22:33:51+00:00,jubilee,Jubilee,tube,10,Good Service,,,,
2026-10-02T22:33:51+00:00,metropolitan,Metropolitan,tube,10,Good Service,,,,
2026-10-02T22:33:51+00:00,northern,Northern,tube,10,Good Service,,,,
2026-10-02T22:33:51+00:00,piccadilly,Piccadilly,tube,10,Good Service,,,,
2026-10-02T22:33:51+00:00,victoria,Victoria,tube,6,Severe Delays,"Victoria Line: Severe delays due to a track fault at Brixton. London Buses, Weaver line, Suffragette line, Great Northern, Thameslink and Greater Anglia, South Western Railway and Southeastern are accepting valid tickets via any reasonable route.",RealTime,2026-10-02T06:08:26Z,2026-10-03T00:29:00Z
2026-10-02T22:33:51+00:00,waterloo-city,Waterloo & City,tube,10,Good Service,,,,
2026-10-03T01:25:45+00:00,bakerloo,Bakerloo,tube,20,Service Closed,Bakerloo Line: Service will resume later this morning.,RealTime,2026-10-03T00:17:06Z,2026-10-03T04:25:01Z
2026-10-03T01:25:45+00:00,central,Central,tube,10,Good Service,,,,
2026-10-03T01:25:45+00:00,circle,Circle,tube,20,Service Closed,Circle Line: Service will resume later this morning.,RealTime,2026-10-03T00:17:29Z,2026-10-03T04:25:01Z
2026-10-03T01:25:45+00:00,district,District,tube,20,Service Closed,District Line: Service will resume later this morning.,RealTime,2026-10-03T00:17:45Z,2026-10-03T04:25:01Z
2026-10-03T01:25:45+00:00,hammersmith-city,Hammersmith & City,tube,20,Service Closed,Hammersmith and City Line: Service will resume later this morning.,RealTime,2026-10-03T00:18:34Z,2026-10-03T04:25:01Z
2026-10-03T01:25:45+00:00,jubilee,Jubilee,tube,5,Part Closure,"JUBILEE LINE: Saturday 3 October, between 0130 and 0430, no service between Finchley Road and Stratford. Replacement bus service JL3 operates between North Greenwich, Canning Town and Stratford.",PlannedWork,2026-10-03T00:30:00Z,2026-10-03T03:30:00Z
2026-10-03T01:25:45+00:00,metropolitan,Metropolitan,tube,20,Service Closed,Metropolitan Line: Service will resume later this morning.,RealTime,2026-10-03T00:21:03Z,2026-10-03T04:25:01Z
2026-10-03T01:25:45+00:00,northern,Northern,tube,10,Good Service,,,,
2026-10-03T01:25:45+00:00,piccadilly,Piccadilly,tube,10,Good Service,,,,
2026-10-03T01:25:45+00:00,victoria,Victoria,tube,10,Good Service,,,,
2026-10-03T01:25:45+00:00,waterloo-city,Waterloo & City,tube,20,Service Closed,Waterloo and City Line: Service will resume at 06:00 on Monday.,RealTime,2026-10-03T00:26:26Z,2026-10-03T04:25:01Z
2026-10-03T06:59:32+00:00,bakerloo,Bakerloo,tube,10,Good Service,,,,
2026-10-03T06:59:32+00:00,central,Central,tube,10,Good Service,,,,
2026-10-03T06:59:32+00:00,circle,Circle,tube,10,Good Service,,,,
2026-10-03T06:59:32+00:00,district,District,tube,3,Part Suspended,District Line: No service between Earl's Court and Kensington (Olympia) due to train cancellations. London Buses are accepting valid tickets via any reasonable route. GOOD SERVICE on the rest of the line.,RealTime,2026-10-03T06:39:49Z,2026-10-03T09:58:31Z
2026-10-03T06:59:32+00:00,hammersmith-city,Hammersmith & City,tube,10,Good Service,,,,
2026-10-03T06:59:32+00:00,jubilee,Jubilee,tube,5,Part Closure,"JUBILEE LINE: From 0430 Saturday 3 until 0130 Sunday 4 October, no service between Green Park and Canary Wharf. If travelling between Central London and North Greenwich, please travel via Stratford.",PlannedWork,2026-10-03T03:30:00Z,2026-10-04T00:29:00Z
2026-10-03T06:59:32+00:00,metropolitan,Metropolitan,tube,9,Minor Delays,Metropolitan Line: Minor delays between Harrow-on-the-Hill and Uxbridge due to train cancellations. GOOD SERVICE on the rest of the line.,RealTime,2026-10-03T05:59:16Z,2026-10-04T00:29:00Z
2026-10-03T06:59:32+00:00,northern,Northern,tube,10,Good Service,,,,
2026-10-03T06:59:32+00:00,piccadilly,Piccadilly,tube,10,Good Service,,,,
2026-10-03T06:59:32+00:00,victoria,Victoria,tube,10,Good Service,,,,
2026-10-03T06:59:32+00:00,waterloo-city,Waterloo & City,tube,4,Planned Closure,"Waterloo & City line: service operates 06:00 until 00:30, Monday to Friday only. There is no service on Saturdays, Sundays and on bank/public holidays.",Information,2026-10-03T03:15:00Z,2026-10-03T22:59:00Z
2026-10-03T12:27:12+00:00,bakerloo,Bakerloo,tube,10,Good Service,,,,
2026-10-03T12:27:12+00:00,central,Central,tube,10,Good Service,,,,
2026-10-03T12:27:12+00:00,circle,Circle,tube,10,Good Service,,,,
2026-10-03T12:27:12+00:00,district,District,tube,10,Good Service,,,,
2026-10-03T12:27:12+00:00,hammersmith-city,Hammersmith & City,tube,10,Good Service,,,,
2026-10-03T12:27:12+00:00,jubilee,Jubilee,tube,5,Part Closure,"JUBILEE LINE: From 0430 Saturday 3 until 0130 Sunday 4 October, no service between Green Park and Canary Wharf. If travelling between Central London and North Greenwich, please travel via Stratford.",PlannedWork,2026-10-03T03:30:00Z,2026-10-04T00:29:00Z
2026-10-03T12:27:12+00:00,metropolitan,Metropolitan,tube,9,Minor Delays,Metropolitan Line: Minor delays between Harrow-on-the-Hill and Uxbridge due to train cancellations. GOOD SERVICE on the rest of the line.,RealTime,2026-10-03T11:59:00Z,2026-10-04T00:29:00Z
2026-10-03T12:27:12+00:00,northern,Northern,tube,10,Good Service,,,,
2026-10-03T12:27:12+00:00,piccadilly,Piccadilly,tube,10,Good Service,,,,
2026-10-03T12:27:12+00:00,victoria,Victoria,tube,9,Minor Delays,Victoria Line: Minor delays due to a track fault at Brixton,RealTime,2026-10-03T07:08:06Z,2026-10-04T00:29:00Z
2026-10-03T12:27:12+00:00,waterloo-city,Waterloo & City,tube,4,Planned Closure,"Waterloo & City line: service operates 06:00 until 00:30, Monday to Friday only. There is no service on Saturdays, Sundays and on bank/public holidays.",Information,2026-10-03T03:15:00Z,2026-10-03T22:59:00Z
2026-10-03T16:37:51+00:00,bakerloo,Bakerloo,tube,10,Good Service,,,,
2026-10-03T16:37:51+00:00,central,Central,tube,10,Good Service,,,,
2026-10-03T16:37:51+00:00,circle,Circle,tube,10,Good Service,,,,
2026-10-03T16:37:51+00:00,district,District,tube,9,Minor Delays,District Line: Minor delays between Earl's Court and Kensington (Olympia) due to train cancellations. GOOD SERVICE on the rest of the line.,RealTime,2026-10-03T16:25:10Z,2026-10-04T00:29:00Z
2026-10-03T16:37:51+00:00,hammersmith-city,Hammersmith & City,tube,10,Good Service,,,,
2026-10-03T16:37:51+00:00,jubilee,Jubilee,tube,5,Part Closure,"JUBILEE LINE: From 0430 Saturday 3 until 0130 Sunday 4 October, no service between Green Park and Canary Wharf. If travelling between Central London and North Greenwich, please travel via Stratford.",PlannedWork,2026-10-03T03:30:00Z,2026-10-04T00:29:00Z
2026-10-03T16:37:51+00:00,metropolitan,Metropolitan,tube,9,Minor Delays,Metropolitan Line: Minor delays between Harrow-on-the-Hill and Uxbridge due to train cancellations. GOOD SERVICE on the rest of the line.,RealTime,2026-10-03T11:59:00Z,2026-10-04T00:29:00Z
2026-10-03T16:37:51+00:00,northern,Northern,tube,10,Good Service,,,,
2026-10-03T16:37:51+00:00,piccadilly,Piccadilly,tube,10,Good Service,,,,
2026-10-03T16:37:51+00:00,victoria,Victoria,tube,6,Severe Delays,"Victoria Line: Severe delays due to a track fault at Brixton and a earlier faulty train at Oxford Circus. Tickets are being accepted on London Buses, the Weaver line and the Suffragette line. Southeastern, South Western Railway, Greater Anglia, Great Northern and Thameslink.",RealTime,2026-10-03T16:20:56Z,2026-10-04T00:29:00Z
2026-10-03T16:37:51+00:00,waterloo-city,Waterloo & City,tube,4,Planned Closure,"Waterloo & City line: service operates 06:00 until 00:30, Monday to Friday only. There is no service on Saturdays, Sundays and on bank/public holidays.",Information,2026-10-03T03:15:00Z,2026-10-03T22:59:00Z
2026-10-03T19:26:08+00:00,bakerloo,Bakerloo,tube,10,Good Service,,,,
2026-10-03T19:26:08+00:00,central,Central,tube,10,Good Service,,,,
2026-10-03T19:26:08+00:00,circle,Circle,tube,10,Good Service,,,,
2026-10-03T19:26:08+00:00,district,District,tube,9,Minor Delays,District Line: Minor delays between Earl's Court and Kensington (Olympia) due to train cancellations. GOOD SERVICE on the rest of the line.,RealTime,2026-10-03T16:25:10Z,2026-10-04T00:29:00Z
2026-10-03T19:26:08+00:00,hammersmith-city,Hammersmith & City,tube,10,Good Service,,,,
2026-10-03T19:26:08+00:00,jubilee,Jubilee,tube,5,Part Closure,"JUBILEE LINE: From 0430 Saturday 3 until 0130 Sunday 4 October, no service between Green Park and Canary Wharf. If travelling between Central London and North Greenwich, please travel via Stratford.",PlannedWork,2026-10-03T03:30:00Z,2026-10-04T00:29:00Z
2026-10-03T19:26:08+00:00,metropolitan,Metropolitan,tube,9,Minor Delays,Metropolitan Line: Minor delays between Harrow-on-the-Hill and Uxbridge due to train cancellations. GOOD SERVICE on the rest of the line.,RealTime,2026-10-03T17:21:06Z,2026-10-04T00:29:00Z
2026-10-03T19:26:08+00:00,northern,Northern,tube,10,Good Service,,,,
2026-10-03T19:26:08+00:00,piccadilly,Piccadilly,tube,10,Good Service,,,,
2026-10-03T19:26:08+00:00,victoria,Victoria,tube,5,Part Closure,"VICTORIA LINE: From 1930 Saturday 3 until 1000 Sunday 4 October, no service between Victoria and Brixton. Please use London Buses services or National Rail services between Victoria and Brixton.",PlannedWork,2026-10-03T18:30:00Z,2026-10-04T09:00:00Z
2026-10-03T19:26:08+00:00,victoria,Victoria,tube,6,Severe Delays,"Victoria Line: No service between Victoria and Brixton due to a track fault at Brixton. SEVERE DELAYS on the rest of the line. Tickets are being accepted on London Buses, the Weaver line and the Suffragette line. Southeastern, South Western Railway, Greater Anglia, Great Northern and Thameslink.",RealTime,2026-10-03T19:15:28Z,2026-10-04T00:29:00Z
2026-10-03T19:26:08+00:00,waterloo-city,Waterloo & City,tube,4,Planned Closure,"Waterloo & City line: service operates 06:00 until 00:30, Monday to Friday only. There is no service on Saturdays, Sundays and on bank/public holidays.",Information,2026-10-03T03:15:00Z,2026-10-03T22:59:00Z
2026-10-03T22:22:11+00:00,bakerloo,Bakerloo,tube,10,Good Service,,,,
2026-10-03T22:22:11+00:00,central,Central,tube,10,Good Service,,,,
2026-10-03T22:22:11+00:00,circle,Circle,tube,10,Good Service,,,,
2026-10-03T22:22:11+00:00,district,District,tube,9,Minor Delays,District Line: Minor delays between Earl's Court and Kensington (Olympia) due to train cancellations. GOOD SERVICE on the rest of the line.,RealTime,2026-10-03T16:25:10Z,2026-10-04T00:29:00Z
2026-10-03T22:22:11+00:00,hammersmith-city,Hammersmith & City,tube,9,Minor Delays,Hammersmith and City Line: Minor delays due to train cancellations.,RealTime,2026-10-03T20:18:32Z,2026-10-04T00:29:00Z
2026-10-03T22:22:11+00:00,jubilee,Jubilee,tube,5,Part Closure,"JUBILEE LINE: From 0430 Saturday 3 until 0130 Sunday 4 October, no service between Green Park and Canary Wharf. If travelling between Central London and North Greenwich, please travel via Stratford.",PlannedWork,2026-10-03T03:30:00Z,2026-10-04T00:29:00Z
2026-10-03T22:22:11+00:00,metropolitan,Metropolitan,tube,9,Minor Delays,Metropolitan Line: Minor delays between Harrow-on-the-Hill and Uxbridge due to train cancellations. GOOD SERVICE on the rest of the line.,RealTime,2026-10-03T17:21:06Z,2026-10-04T00:29:00Z
2026-10-03T22:22:11+00:00,northern,Northern,tube,10,Good Service,,,,
2026-10-03T22:22:11+00:00,piccadilly,Piccadilly,tube,10,Good Service,,,,
2026-10-03T22:22:11+00:00,victoria,Victoria,tube,5,Part Closure,"VICTORIA LINE: From 1930 Saturday 3 until 1000 Sunday 4 October, no service between Victoria and Brixton. Please use London Buses services or National Rail services between Victoria and Brixton.",PlannedWork,2026-10-03T18:30:00Z,2026-10-04T09:00:00Z
2026-10-03T22:22:11+00:00,victoria,Victoria,tube,6,Severe Delays,"Victoria Line: No service between Victoria and Brixton due to a track fault at Brixton. SEVERE DELAYS on the rest of the line. Tickets are being accepted on London Buses, the Weaver line and the Suffragette line. Southeastern, South Western Railway, Greater Anglia, Great Northern and Thameslink.",RealTime,2026-10-03T19:15:28Z,2026-10-04T00:29:00Z
2026-10-03T22:22:11+00:00,waterloo-city,Waterloo & City,tube,4,Planned Closure,"Waterloo & City line: service operates 06:00 until 00:30, Monday to Friday only. There is no service on Saturdays, Sundays and on bank/public holidays.",Information,2026-10-03T03:15:00Z,2026-10-03T22:59:00Z
2026-10-04T01:54:32+00:00,bakerloo,Bakerloo,tube,20,Service Closed,Bakerloo Line: Service will resume later this morning.,RealTime,2026-10-04T00:14:04Z,2026-10-04T04:53:18Z
2026-10-04T01:54:32+00:00,central,Central,tube,10,Good Service,,,,
2026-10-04T01:54:32+00:00,circle,Circle,tube,20,Service Closed,Circle Line: Service will resume later this morning.,RealTime,2026-10-04T00:14:36Z,2026-10-04T04:53:18Z
2026-10-04T01:54:32+00:00,district,District,tube,20,Service Closed,District Line: Service will resume later this morning.,RealTime,2026-10-04T00:15:05Z,2026-10-04T04:53:18Z
2026-10-04T01:54:32+00:00,hammersmith-city,Hammersmith & City,tube,20,Service Closed,Hammersmith and City Line: Service will resume later this morning.,RealTime,2026-10-04T00:18:02Z,2026-10-04T04:53:18Z
2026-10-04T01:54:32+00:00,jubilee,Jubilee,tube,5,Part Closure,"JUBILEE LINE: Sunday 4 October, between 0130 and 0530, no service between Green Park and Stratford. Replacement bus service JL3 operates between North Greenwich, Canning Town and Stratford.",PlannedWork,2026-10-04T00:30:00Z,2026-10-04T04:30:00Z
2026-10-04T01:54:32+00:00,metropolitan,Metropolitan,tube,20,Service Closed,Metropolitan Line: Service will resume later this morning.,RealTime,2026-10-04T00:20:30Z,2026-10-04T04:53:18Z
2026-10-04T01:54:32+00:00,northern,Northern,tube,10,Good Service,,,,
2026-10-04T01:54:32+00:00,piccadilly,Piccadilly,tube,10,Good Service,,,,
2026-10-04T01:54:32+00:00,victoria,Victoria,tube,5,Part Closure,"VICTORIA LINE: From 1930 Saturday 3 until 1000 Sunday 4 October, no service between Victoria and Brixton. Please use London Buses services or National Rail services between Victoria and Brixton.",PlannedWork,2026-10-03T18:30:00Z,2026-10-04T09:00:00Z
2026-10-04T01:54:32+00:00,waterloo-city,Waterloo & City,tube,20,Service Closed,Waterloo and City Line: Service will resume at 06:00 on Monday.,RealTime,2026-10-04T00:27:44Z,2026-10-04T04:53:18Z
2026-10-04T07:57:18+00:00,bakerloo,Bakerloo,tube,10,Good Service,,,,
2026-10-04T07:57:18+00:00,central,Central,tube,10,Good Service,,,,
2026-10-04T07:57:18+00:00,circle,Circle,tube,10,Good Service,,,,
2026-10-04T07:57:18+00:00,district,District,tube,10,Good Service,,,,
2026-10-04T07:57:18+00:00,hammersmith-city,Hammersmith & City,tube,10,Good Service,,,,
2026-10-04T07:57:18+00:00,jubilee,Jubilee,tube,5,Part Closure,"JUBILEE LINE: From 0530 Sunday 4 October, no service between Green Park and Canary Wharf. If travelling between Central London and North Greenwich, please travel via Stratford.",PlannedWork,2026-10-04T04:30:00Z,2026-10-05T00:29:00Z
2026-10-04T07:57:18+00:00,metropolitan,Metropolitan,tube,9,Minor Delays,Metropolitan Line: Minor delays while we respond to a fire alert at Harrow-on-the-Hill.,RealTime,2026-10-04T07:54:15Z,2026-10-05T00:29:00Z
2026-10-04T07:57:18+00:00,northern,Northern,tube,10,Good Service,,,,
2026-10-04T07:57:18+00:00,piccadilly,Piccadilly,tube,10,Good Service,,,,
2026-10-04T07:57:18+00:00,victoria,Victoria,tube,5,Part Closure,"VICTORIA LINE: From 1930 Saturday 3 until 1000 Sunday 4 October, no service between Victoria and Brixton. Please use London Buses services or National Rail services between Victoria and Brixton.",PlannedWork,2026-10-03T18:30:00Z,2026-10-04T09:00:00Z
2026-10-04T07:57:18+00:00,victoria,Victoria,tube,9,Minor Delays,"Victoria Line: No service between Victoria and Brixton until approximately 09:30 due to a track fault at Brixton. MINOR DELAYS on the rest of the line. Tickets are being accepted on London Buses, the Weaver line and the Suffragette line. Southeastern, South Western Railway, Greater Anglia, Great Northern and Thameslink.",RealTime,2026-10-04T05:30:57Z,2026-10-05T00:29:00Z
2026-10-04T07:57:18+00:00,waterloo-city,Waterloo & City,tube,4,Planned Closure,"Waterloo & City line: service operates 06:00 until 00:30, Monday to Friday only. There is no service on Saturdays, Sundays and on bank/public holidays.",Information,2026-10-04T03:15:00Z,2026-10-04T22:59:00Z
2026-10-04T07:57:18+00:00,waterloo-city,Waterloo & City,tube,20,Service Closed,Waterloo and City Line: Service will resume at 06:00 on Monday.,RealTime,2026-10-04T03:25:36Z,2026-10-04T10:56:56Z
2026-10-04T13:53:21+00:00,bakerloo,Bakerloo,tube,10,Good Service,,,,
2026-10-04T13:53:21+00:00,central,Central,tube,9,Minor Delays,Central Line: Minor delays due to train cancellations.,RealTime,2026-10-04T10:55:39Z,2026-10-05T00:29:00Z
2026-10-04T13:53:21+00:00,circle,Circle,tube,10,Good Service,,,,
2026-10-04T13:53:21+00:00,district,District,tube,10,Good Service,,,,
2026-10-04T13:53:21+00:00,hammersmith-city,Hammersmith & City,tube,10,Good Service,,,,
2026-10-04T13:53:21+00:00,jubilee,Jubilee,tube,5,Part Closure,"JUBILEE LINE: From 0530 Sunday 4 October, no service between Green Park and Canary Wharf. If travelling between Central London and North Greenwich, please travel via Stratford.",PlannedWork,2026-10-04T04:30:00Z,2026-10-05T00:29:00Z
2026-10-04T13:53:21+00:00,metropolitan,Metropolitan,tube,9,Minor Delays,Metropolitan Line: Minor delays between Harrow-on-the-Hill and Watford /Uxbridge/ Aldgate due to an earlier track fire at Harrow-on-the-Hill. GOOD SERVICE on the rest of the line.,RealTime,2026-10-04T13:01:12Z,2026-10-05T00:29:00Z
2026-10-04T13:53:21+00:00,metropolitan,Metropolitan,tube,9,Minor Delays,Metropolitan Line: Minor delays between Harrow-on-the-Hill and Watford /Uxbridge/ Aldgate due to an earlier track fire at Harrow-on-the-Hill. GOOD SERVICE on the rest of the line.,RealTime,2026-10-04T13:01:12Z,2026-10-05T00:29:00Z
2026-10-04T13:53:21+00:00,metropolitan,Metropolitan,tube,9,Minor Delays,Metropolitan Line: Minor delays between Harrow-on-the-Hill and Watford /Uxbridge/ Aldgate due to an earlier track fire at Harrow-on-the-Hill. GOOD SERVICE on the rest of the line.,RealTime,2026-10-04T13:01:12Z,2026-10-05T00:29:00Z
2026-10-04T13:53:21+00:00,northern,Northern,tube,10,Good Service,,,,
2026-10-04T13:53:21+00:00,piccadilly,Piccadilly,tube,9,Minor Delays,Piccadilly Line: Minor delays between Acton Town and Heathrow Airport / Rayners Lane due to an earlier track fault at Leicester Square. GOOD SERVICE on the rest of the line.,RealTime,2026-10-04T13:51:50Z,2026-10-05T00:29:00Z
2026-10-04T13:53:21+00:00,piccadilly,Piccadilly,tube,9,Minor Delays,Piccadilly Line: Minor delays between Acton Town and Heathrow Airport / Rayners Lane due to an earlier track fault at Leicester Square. GOOD SERVICE on the rest of the line.,RealTime,2026-10-04T13:51:50Z,2026-10-05T00:29:00Z
2026-10-04T13:53:21+00:00,victoria,Victoria,tube,10,Good Service,,,,
2026-10-04T13:53:21+00:00,waterloo-city,Waterloo & City,tube,4,Planned Closure,"Waterloo & City line: service operates 06:00 until 00:30, Monday to Friday only. There is no service on Saturdays, Sundays and on bank/public holidays.",Information,2026-10-04T03:15:00Z,2026-10-04T22:59:00Z
2026-10-04T18:03:14+00:00,bakerloo,Bakerloo,tube,10,Good Service,,,,
2026-10-04T18:03:14+00:00,central,Central,tube,9,Minor Delays,Central Line: Minor delays due to train cancellations.,RealTime,2026-10-04T10:55:39Z,2026-10-05T00:29:00Z
2026-10-04T18:03:14+00:00,circle,Circle,tube,10,Good Service,,,,
2026-10-04T18:03:14+00:00,district,District,tube,10,Good Service,,,,
2026-10-04T18:03:14+00:00,hammersmith-city,Hammersmith & City,tube,10,Good Service,,,,
2026-10-04T18:03:14+00:00,jubilee,Jubilee,tube,5,Part Closure,"JUBILEE LINE: From 0530 Sunday 4 October, no service between Green Park and Canary Wharf. If travelling between Central London and North Greenwich, please travel via Stratford.",PlannedWork,2026-10-04T04:30:00Z,2026-10-05T00:29:00Z
2026-10-04T18:03:14+00:00,metropolitan,Metropolitan,tube,10,Good Service,,,,
2026-10-04T18:03:14+00:00,northern,Northern,tube,10,Good Service,,,,
2026-10-04T18:03:14+00:00,piccadilly,Piccadilly,tube,10,Good Service,,,,
2026-10-04T18:03:14+00:00,victoria,Victoria,tube,10,Good Service,,,,
2026-10-04T18:03:14+00:00,waterloo-city,Waterloo & City,tube,4,Planned Closure,"Waterloo & City line: service operates 06:00 until 00:30, Monday to Friday only. There is no service on Saturdays, Sundays and on bank/public holidays.",Information,2026-10-04T03:15:00Z,2026-10-04T22:59:00Z
2026-10-04T21:20:00+00:00,bakerloo,Bakerloo,tube,10,Good Service,,,,
2026-10-04T21:20:00+00:00,central,Central,tube,9,Minor Delays,Central Line: Minor delays due to train cancellations.,RealTime,2026-10-04T10:55:39Z,2026-10-05T00:29:00Z
2026-10-04T21:20:00+00:00,circle,Circle,tube,10,Good Service,,,,
2026-10-04T21:20:00+00:00,district,District,tube,9,Minor Delays,District Line: Minor delays between Turnham Green and Ealing Broadway due to an earlier signalling problem at Ealing Broadway. GOOD SERVICE on the rest of the line.,RealTime,2026-10-04T21:17:56Z,2026-10-05T00:29:00Z
2026-10-04T21:20:00+00:00,hammersmith-city,Hammersmith & City,tube,9,Minor Delays,Hammersmith and City Line: Minor delays due to an earlier faulty train at Moorgate.,RealTime,2026-10-04T20:37:50Z,2026-10-05T00:29:00Z
2026-10-04T21:20:00+00:00,jubilee,Jubilee,tube,5,Part Closure,"JUBILEE LINE: From 0530 Sunday 4 October, no service between Green Park and Canary Wharf. If travelling between Central London and North Greenwich, please travel via Stratford.",PlannedWork,2026-10-04T04:30:00Z,2026-10-05T00:29:00Z
2026-10-04T21:20:00+00:00,metropolitan,Metropolitan,tube,10,Good Service,,,,
2026-10-04T21:20:00+00:00,northern,Northern,tube,10,Good Service,,,,
2026-10-04T21:20:00+00:00,piccadilly,Piccadilly,tube,10,Good Service,,,,
2026-10-04T21:20:00+00:00,victoria,Victoria,tube,10,Good Service,,,,
2026-10-04T21:20:00+00:00,waterloo-city,Waterloo & City,tube,4,Planned Closure,"Waterloo & City line: service operates 06:00 until 00:30, Monday to Friday only. There is no service on Saturdays, Sundays and on bank/public holidays.",Information,2026-10-04T03:15:00Z,2026-10-04T22:59:00Z
2026-10-05T00:02:12+00:00,bakerloo,Bakerloo,tube,20,Service Closed,Bakerloo Line: Service will resume later this morning.,RealTime,2026-10-04T23:49:44Z,2026-10-05T03:00:19Z
2026-10-05T00:02:12+00:00,central,Central,tube,10,Good Service,,,,
2026-10-05T00:02:12+00:00,circle,Circle,tube,20,Service Closed,Circle Line: Service will resume later this morning.,RealTime,2026-10-04T23:50:28Z,2026-10-05T03:00:19Z
2026-10-05T00:02:12+00:00,district,District,tube,10,Good Service,,,,
2026-10-05T00:02:12+00:00,hammersmith-city,Hammersmith & City,tube,20,Service Closed,Hammersmith and City Line: Service will resume later this morning.,RealTime,2026-10-04T23:51:33Z,2026-10-05T03:00:19Z
2026-10-05T00:02:12+00:00,jubilee,Jubilee,tube,5,Part Closure,"JUBILEE LINE: From 0530 Sunday 4 October, no service between Green Park and Canary Wharf. If travelling between Central London and North Greenwich, please travel via Stratford.",PlannedWork,2026-10-04T04:30:00Z,2026-10-05T00:29:00Z
2026-10-05T00:02:12+00:00,jubilee,Jubilee,tube,20,Service Closed,Jubilee Line: Service will resume later this morning.,RealTime,2026-10-04T23:52:08Z,2026-10-05T03:00:19Z
2026-10-05T00:02:12+00:00,metropolitan,Metropolitan,tube,20,Service Closed,Metropolitan Line: Service will resume later this morning.,RealTime,2026-10-04T23:52:54Z,2026-10-05T03:00:19Z
2026-10-05T00:02:12+00:00,northern,Northern,tube,20,Service Closed,Northern Line: Service will resume later this morning.,RealTime,2026-10-04T23:53:11Z,2026-10-05T03:00:19Z
2026-10-05T00:02:12+00:00,piccadilly,Piccadilly,tube,20,Service Closed,Piccadilly Line: Service will resume later this morning.,RealTime,2026-10-04T23:53:58Z,2026-10-05T03:00:19Z
2026-10-05T00:02:12+00:00,victoria,Victoria,tube,20,Service Closed,Victoria Line: Service will resume later this morning.,RealTime,2026-10-04T23:55:00Z,2026-10-05T03:00:19Z
2026-10-05T00:02:12+00:00,waterloo-city,Waterloo & City,tube,20,Service Closed,Waterloo and City Line: Service will resume at 06:00.,RealTime,2026-10-04T23:55:31Z,2026-10-05T03:00:19Z
2026-10-05T05:32:08+00:00,bakerloo,Bakerloo,tube,10,Good Service,,,,
2026-10-05T05:32:08+00:00,central,Central,tube,10,Good Service,,,,
2026-10-05T05:32:08+00:00,circle,Circle,tube,10,Good Service,,,,
2026-10-05T05:32:08+00:00,district,District,tube,10,Good Service,,,,
2026-10-05T05:32:08+00:00,hammersmith-city,Hammersmith & City,tube,10,Good Service,,,,
2026-10-05T05:32:08+00:00,jubilee,Jubilee,tube,10,Good Service,,,,
2026-10-05T05:32:08+00:00,metropolitan,Metropolitan,tube,10,Good Service,,,,
2026-10-05T05:32:08+00:00,northern,Northern,tube,10,Good Service,,,,
2026-10-05T05:32:08+00:00,piccadilly,Piccadilly,tube,10,Good Service,,,,
2026-10-05T05:32:08+00:00,victoria,Victoria,tube,10,Good Service,,,,
2026-10-05T05:32:08+00:00,waterloo-city,Waterloo & City,tube,10,Good Service,,,,
2026-10-05T12:37:23+00:00,bakerloo,Bakerloo,tube,10,Good Service,,,,
2026-10-05T12:37:23+00:00,central,Central,tube,10,Good Service,,,,
2026-10-05T12:37:23+00:00,circle,Circle,tube,10,Good Service,,,,
2026-10-05T12:37:23+00:00,district,District,tube,10,Good Service,,,,
2026-10-05T12:37:23+00:00,hammersmith-city,Hammersmith & City,tube,10,Good Service,,,,
2026-10-05T12:37:23+00:00,jubilee,Jubilee,tube,10,Good Service,,,,
2026-10-05T12:37:23+00:00,metropolitan,Metropolitan,tube,10,Good Service,,,,
2026-10-05T12:37:23+00:00,northern,Northern,tube,10,Good Service,,,,
2026-10-05T12:37:23+00:00,piccadilly,Piccadilly,tube,10,Good Service,,,,
2026-10-05T12:37:23+00:00,victoria,Victoria,tube,6,Severe Delays,"Victoria Line: Severe delays due to an earlier signal failure at Brixton. Tickets are being accepted on London Buses, London Overground, Great Northern, Thameslink, Greater Anglia, South Western Railway and Southeastern services via any reasonable route.",RealTime,2026-10-05T10:38:53Z,2026-10-06T00:29:00Z
2026-10-05T12:37:23+00:00,waterloo-city,Waterloo & City,tube,10,Good Service,,,,
2026-10-05T20:46:42+00:00,bakerloo,Bakerloo,tube,10,Good Service,,,,
2026-10-05T20:46:42+00:00,central,Central,tube,9,Minor Delays,"Central Line: Severe delays between Loughton and Epping while we fix a faulty train at Epping. MINOR DELAYS between North Acton and Ealing Broadway/West Ruislip, and between Leytonstone and Loughton/Hainault via Newbury Park due to train cancellations. GOOD SERVICE on the rest of the line.",RealTime,2026-10-05T20:22:02Z,2026-10-06T00:29:00Z
2026-10-05T20:46:42+00:00,central,Central,tube,6,Severe Delays,"Central Line: Severe delays between Loughton and Epping while we fix a faulty train at Epping. MINOR DELAYS between North Acton and Ealing Broadway/West Ruislip, and between Leytonstone and Loughton/Hainault via Newbury Park due to train cancellations. GOOD SERVICE on the rest of the line.",RealTime,2026-10-05T20:22:02Z,2026-10-06T00:29:00Z
2026-10-05T20:46:42+00:00,central,Central,tube,9,Minor Delays,"Central Line: Severe delays between Loughton and Epping while we fix a faulty train at Epping. MINOR DELAYS between North Acton and Ealing Broadway/West Ruislip, and between Leytonstone and Loughton/Hainault via Newbury Park due to train cancellations. GOOD SERVICE on the rest of the line.",RealTime,2026-10-05T20:22:02Z,2026-10-06T00:29:00Z
2026-10-05T20:46:42+00:00,central,Central,tube,9,Minor Delays,"Central Line: Severe delays between Loughton and Epping while we fix a faulty train at Epping. MINOR DELAYS between North Acton and Ealing Broadway/West Ruislip, and between Leytonstone and Loughton/Hainault via Newbury Park due to train cancellations. GOOD SERVICE on the rest of the line.",RealTime,2026-10-05T20:22:02Z,2026-10-06T00:29:00Z
2026-10-05T20:46:42+00:00,central,Central,tube,9,Minor Delays,"Central Line: Severe delays between Loughton and Epping while we fix a faulty train at Epping. MINOR DELAYS between North Acton and Ealing Broadway/West Ruislip, and between Leytonstone and Loughton/Hainault via Newbury Park due to train cancellations. GOOD SERVICE on the rest of the line.",RealTime,2026-10-05T20:22:02Z,2026-10-06T00:29:00Z
2026-10-05T20:46:42+00:00,central,Central,tube,9,Minor Delays,"Central Line: Severe delays between Loughton and Epping while we fix a faulty train at Epping. MINOR DELAYS between North Acton and Ealing Broadway/West Ruislip, and between Leytonstone and Loughton/Hainault via Newbury Park due to train cancellations. GOOD SERVICE on the rest of the line.",RealTime,2026-10-05T20:22:02Z,2026-10-06T00:29:00Z
2026-10-05T20:46:42+00:00,circle,Circle,tube,10,Good Service,,,,
2026-10-05T20:46:42+00:00,district,District,tube,10,Good Service,,,,
2026-10-05T20:46:42+00:00,hammersmith-city,Hammersmith & City,tube,10,Good Service,,,,
2026-10-05T20:46:42+00:00,jubilee,Jubilee,tube,10,Good Service,,,,
2026-10-05T20:46:42+00:00,metropolitan,Metropolitan,tube,10,Good Service,,,,
2026-10-05T20:46:42+00:00,northern,Northern,tube,10,Good Service,,,,
2026-10-05T20:46:42+00:00,piccadilly,Piccadilly,tube,10,Good Service,,,,
2026-10-05T20:46:42+00:00,victoria,Victoria,tube,10,Good Service,,,,
2026-10-05T20:46:42+00:00,waterloo-city,Waterloo & City,tube,10,Good Service,,,,
2026-10-06T01:32:43+00:00,bakerloo,Bakerloo,tube,20,Service Closed,Bakerloo Line: Service will resume later this morning.,RealTime,2026-10-06T00:13:06Z,2026-10-06T04:31:55Z
2026-10-06T01:32:43+00:00,central,Central,tube,20,Service Closed,Central Line: Service will resume at 06:00.,RealTime,2026-10-06T00:13:19Z,2026-10-06T04:31:55Z
2026-10-06T01:32:43+00:00,circle,Circle,tube,20,Service Closed,Circle Line: Service will resume later this morning.,RealTime,2026-10-06T00:13:33Z,2026-10-06T04:31:55Z
2026-10-06T01:32:43+00:00,district,District,tube,20,Service Closed,District Line: Service will resume later this morning.,RealTime,2026-10-06T00:13:50Z,2026-10-06T04:31:55Z
2026-10-06T01:32:43+00:00,hammersmith-city,Hammersmith & City,tube,20,Service Closed,Hammersmith and City Line: Service will resume later this morning.,RealTime,2026-10-06T00:14:05Z,2026-10-06T04:31:55Z
2026-10-06T01:32:43+00:00,jubilee,Jubilee,tube,20,Service Closed,Jubilee Line: Service will resume later this morning.,RealTime,2026-10-06T00:14:14Z,2026-10-06T04:31:55Z
2026-10-06T01:32:43+00:00,metropolitan,Metropolitan,tube,20,Service Closed,Metropolitan Line: Service will resume later this morning.,RealTime,2026-10-06T00:14:23Z,2026-10-06T04:31:55Z
2026-10-06T01:32:43+00:00,northern,Northern,tube,20,Service Closed,Northern Line: Service will resume later this morning.,RealTime,2026-10-06T00:14:31Z,2026-10-06T04:31:55Z
2026-10-06T01:32:43+00:00,piccadilly,Piccadilly,tube,20,Service Closed,Piccadilly Line: Service will resume later this morning.,RealTime,2026-10-06T00:15:01Z,2026-10-06T04:31:55Z
2026-10-06T01:32:43+00:00,victoria,Victoria,tube,20,Service Closed,Victoria Line: Service will resume later this morning.,RealTime,2026-10-06T00:15:30Z,2026-10-06T04:31:55Z
2026-10-06T01:32:43+00:00,waterloo-city,Waterloo & City,tube,20,Service Closed,Waterloo and City Line: Service will resume at 06:00.,RealTime,2026-10-05T23:31:27Z,2026-10-06T04:31:55Z
2026-10-06T08:06:53+00:00,bakerloo,Bakerloo,tube,10,Good Service,,,,
2026-10-06T08:06:53+00:00,central,Central,tube,9,Minor Delays,Central Line: Minor delays between White City and Ealing Broadway/West Ruislip and between Leytonstone and Epping/Hainault via Newbury Park due to train cancellations. GOOD SERVICE on the rest of the line.,RealTime,2026-10-06T07:16:42Z,2026-10-07T00:29:00Z
2026-10-06T08:06:53+00:00,central,Central,tube,9,Minor Delays,Central Line: Minor delays between White City and Ealing Broadway/West Ruislip and between Leytonstone and Epping/Hainault via Newbury Park due to train cancellations. GOOD SERVICE on the rest of the line.,RealTime,2026-10-06T07:16:42Z,2026-10-07T00:29:00Z
2026-10-06T08:06:53+00:00,central,Central,tube,9,Minor Delays,Central Line: Minor delays between White City and Ealing Broadway/West Ruislip and between Leytonstone and Epping/Hainault via Newbury Park due to train cancellations. GOOD SERVICE on the rest of the line.,RealTime,2026-10-06T07:16:42Z,2026-10-07T00:29:00Z
2026-10-06T08:06:53+00:00,central,Central,tube,9,Minor Delays,Central Line: Minor delays between White City and Ealing Broadway/West Ruislip and between Leytonstone and Epping/Hainault via Newbury Park due to train cancellations. GOOD SERVICE on the rest of the line.,RealTime,2026-10-06T07:16:42Z,2026-10-07T00:29:00Z
2026-10-06T08:06:53+00:00,circle,Circle,tube,10,Good Service,,,,
2026-10-06T08:06:53+00:00,district,District,tube,10,Good Service,,,,
2026-10-06T08:06:53+00:00,hammersmith-city,Hammersmith & City,tube,10,Good Service,,,,
2026-10-06T08:06:53+00:00,jubilee,Jubilee,tube,9,Minor Delays,Jubilee Line: Minor delays due to an earlier fire alert at Stanmore.,RealTime,2026-10-06T07:54:14Z,2026-10-07T00:29:00Z
2026-10-06T08:06:53+00:00,metropolitan,Metropolitan,tube,10,Good Service,,,,
2026-10-06T08:06:53+00:00,northern,Northern,tube,10,Good Service,,,,
2026-10-06T08:06:53+00:00,piccadilly,Piccadilly,tube,10,Good Service,,,,
2026-10-06T08:06:53+00:00,victoria,Victoria,tube,10,Good Service,,,,
2026-10-06T08:06:53+00:00,waterloo-city,Waterloo & City,tube,10,Good Service,,,,
2026-10-06T15:09:31+00:00,bakerloo,Bakerloo,tube,10,Good Service,,,,
2026-10-06T15:09:31+00:00,central,Central,tube,10,Good Service,,,,
2026-10-06T15:09:31+00:00,circle,Circle,tube,10,Good Service,,,,
2026-10-06T15:09:31+00:00,district,District,tube,9,Minor Delays,District Line: Minor delays between Earl's Court and Wimbledon due to train cancellations. GOOD SERVICE on the rest of them line.,RealTime,2026-10-06T14:44:36Z,2026-10-07T00:29:00Z
2026-10-06T15:09:31+00:00,hammersmith-city,Hammersmith & City,tube,10,Good Service,,,,
2026-10-06T15:09:31+00:00,jubilee,Jubilee,tube,10,Good Service,,,,
2026-10-06T15:09:31+00:00,metropolitan,Metropolitan,tube,10,Good Service,,,,
2026-10-06T15:09:31+00:00,northern,Northern,tube,10,Good Service,,,,
2026-10-06T15:09:31+00:00,piccadilly,Piccadilly,tube,10,Good Service,,,,
2026-10-06T15:09:31+00:00,victoria,Victoria,tube,10,Good Service,,,,
2026-10-06T15:09:31+00:00,waterloo-city,Waterloo & City,tube,10,Good Service,,,,
2026-10-06T20:20:54+00:00,bakerloo,Bakerloo,tube,10,Good Service,,,,
2026-10-06T20:20:54+00:00,central,Central,tube,9,Minor Delays,"Central Line: Minor delays between North Acton and West Ruislip/Ealing Broadway, and between Leytonstone and Epping/Hainault via Newbury Park due to train cancellations. GOOD SERVICE on the rest of the line.",RealTime,2026-10-06T16:29:07Z,2026-10-07T00:29:00Z
2026-10-06T20:20:54+00:00,central,Central,tube,9,Minor Delays,"Central Line: Minor delays between North Acton and West Ruislip/Ealing Broadway, and between Leytonstone and Epping/Hainault via Newbury Park due to train cancellations. GOOD SERVICE on the rest of the line.",RealTime,2026-10-06T16:29:07Z,2026-10-07T00:29:00Z
2026-10-06T20:20:54+00:00,central,Central,tube,9,Minor Delays,"Central Line: Minor delays between North Acton and West Ruislip/Ealing Broadway, and between Leytonstone and Epping/Hainault via Newbury Park due to train cancellations. GOOD SERVICE on the rest of the line.",RealTime,2026-10-06T16:29:07Z,2026-10-07T00:29:00Z
2026-10-06T20:20:54+00:00,central,Central,tube,9,Minor Delays,"Central Line: Minor delays between North Acton and West Ruislip/Ealing Broadway, and between Leytonstone and Epping/Hainault via Newbury Park due to train cancellations. GOOD SERVICE on the rest of the line.",RealTime,2026-10-06T16:29:07Z,2026-10-07T00:29:00Z
2026-10-06T20:20:54+00:00,circle,Circle,tube,10,Good Service,,,,
2026-10-06T20:20:54+00:00,district,District,tube,10,Good Service,,,,
2026-10-06T20:20:54+00:00,hammersmith-city,Hammersmith & City,tube,10,Good Service,,,,
2026-10-06T20:20:54+00:00,jubilee,Jubilee,tube,10,Good Service,,,,
2026-10-06T20:20:54+00:00,metropolitan,Metropolitan,tube,10,Good Service,,,,
2026-10-06T20:20:54+00:00,northern,Northern,tube,10,Good Service,,,,
2026-10-06T20:20:54+00:00,piccadilly,Piccadilly,tube,10,Good Service,,,,
2026-10-06T20:20:54+00:00,victoria,Victoria,tube,9,Minor Delays,Victoria Line: Minor delays due to train cancellations.,RealTime,2026-10-06T16:03:19Z,2026-10-07T00:29:00Z
2026-10-06T20:20:54+00:00,waterloo-city,Waterloo & City,tube,10,Good Service,,,,
2026-10-06T23:59:42+00:00,bakerloo,Bakerloo,tube,10,Good Service,,,,
2026-10-06T23:59:42+00:00,central,Central,tube,10,Good Service,,,,
2026-10-06T23:59:42+00:00,circle,Circle,tube,10,Good Service,,,,
2026-10-06T23:59:42+00:00,district,District,tube,10,Good Service,,,,
2026-10-06T23:59:42+00:00,hammersmith-city,Hammersmith & City,tube,10,Good Service,,,,
2026-10-06T23:59:42+00:00,jubilee,Jubilee,tube,10,Good Service,,,,
2026-10-06T23:59:42+00:00,metropolitan,Metropolitan,tube,10,Good Service,,,,
2026-10-06T23:59:42+00:00,northern,Northern,tube,10,Good Service,,,,
2026-10-06T23:59:42+00:00,piccadilly,Piccadilly,tube,10,Good Service,,,,
2026-10-06T23:59:42+00:00,victoria,Victoria,tube,9,Minor Delays,Victoria Line: Minor delays due to train cancellations.,RealTime,2026-10-06T16:03:19Z,2026-10-08T00:29:00Z
2026-10-06T23:59:42+00:00,waterloo-city,Waterloo & City,tube,20,Service Closed,Waterloo and City Line: Service will resume at 06:00.,RealTime,2026-10-06T23:30:32Z,2026-10-07T02:57:54Z
2026-10-07T05:46:00+00:00,bakerloo,Bakerloo,tube,10,Good Service,,,,
2026-10-07T05:46:00+00:00,central,Central,tube,10,Good Service,,,,
2026-10-07T05:46:00+00:00,circle,Circle,tube,10,Good Service,,,,
2026-10-07T05:46:00+00:00,district,District,tube,9,Minor Delays,District Line: Minor delays between Earl's Court and Wimbledon / Ealing Broadway due to train cancellations. GOOD SERVICE on the rest of the line.,RealTime,2026-10-07T05:07:06Z,2026-10-08T00:29:00Z
2026-10-07T05:46:00+00:00,district,District,tube,9,Minor Delays,District Line: Minor delays between Earl's Court and Wimbledon / Ealing Broadway due to train cancellations. GOOD SERVICE on the rest of the line.,RealTime,2026-10-07T05:07:06Z,2026-10-08T00:29:00Z
2026-10-07T05:46:00+00:00,hammersmith-city,Hammersmith & City,tube,10,Good Service,,,,
2026-10-07T05:46:00+00:00,jubilee,Jubilee,tube,10,Good Service,,,,
2026-10-07T05:46:00+00:00,metropolitan,Metropolitan,tube,10,Good Service,,,,
2026-10-07T05:46:00+00:00,northern,Northern,tube,10,Good Service,,,,
2026-10-07T05:46:00+00:00,piccadilly,Piccadilly,tube,10,Good Service,,,,
2026-10-07T05:46:00+00:00,victoria,Victoria,tube,6,Severe Delays,"Victoria Line: Severe delays due to train cancellations. London Underground tickets will be accepted on London buses, Weaver line, Suffragette line, Great Northern, Greater Anglia, South Western railways and Southeastern.",RealTime,2026-10-07T04:46:40Z,2026-10-08T00:29:00Z
2026-10-07T05:46:00+00:00,waterloo-city,Waterloo & City,tube,10,Good Service,,,,
2026-10-07T12:05:12+00:00,bakerloo,Bakerloo,tube,10,Good Service,,,,
2026-10-07T12:05:12+00:00,central,Central,tube,10,Good Service,,,,
2026-10-07T12:05:12+00:00,circle,Circle,tube,10,Good Service,,,,
2026-10-07T12:05:12+00:00,district,District,tube,9,Minor Delays,District Line: Minor delays due to an earlier customer incident at Earl's Court. GOOD SERVICE on the rest of the line.,RealTime,2026-10-07T12:01:14Z,2026-10-08T00:29:00Z
2026-10-07T12:05:12+00:00,hammersmith-city,Hammersmith & City,tube,10,Good Service,,,,
2026-10-07T12:05:12+00:00,jubilee,Jubilee,tube,10,Good Service,,,,
2026-10-07T12:05:12+00:00,metropolitan,Metropolitan,tube,10,Good Service,,,,
2026-10-07T12:05:12+00:00,northern,Northern,tube,10,Good Service,,,,
2026-10-07T12:05:12+00:00,piccadilly,Piccadilly,tube,10,Good Service,,,,
2026-10-07T12:05:12+00:00,victoria,Victoria,tube,9,Minor Delays,Victoria Line: Minor delays due to train cancellations.,RealTime,2026-10-07T10:11:08Z,2026-10-08T00:29:00Z
2026-10-07T12:05:12+00:00,waterloo-city,Waterloo & City,tube,10,Good Service,,,,
2026-10-07T18:55:20+00:00,bakerloo,Bakerloo,tube,9,Minor Delays,Bakerloo Line: Minor delays due to train cancellations.,RealTime,2026-10-07T13:21:50Z,2026-10-08T00:29:00Z
2026-10-07T18:55:20+00:00,central,Central,tube,9,Minor Delays,Central Line: Minor delays between North Acton and Ealing Broadway / West Ruislip and between Leytonstone and Epping / Hainault via Newbury Park due to train cancellations. GOOD SERVICE on the rest of the line.,RealTime,2026-10-07T17:21:19Z,2026-10-08T00:29:00Z
2026-10-07T18:55:20+00:00,central,Central,tube,9,Minor Delays,Central Line: Minor delays between North Acton and Ealing Broadway / West Ruislip and between Leytonstone and Epping / Hainault via Newbury Park due to train cancellations. GOOD SERVICE on the rest of the line.,RealTime,2026-10-07T17:21:19Z,2026-10-08T00:29:00Z
2026-10-07T18:55:20+00:00,central,Central,tube,9,Minor Delays,Central Line: Minor delays between North Acton and Ealing Broadway / West Ruislip and between Leytonstone and Epping / Hainault via Newbury Park due to train cancellations. GOOD SERVICE on the rest of the line.,RealTime,2026-10-07T17:21:19Z,2026-10-08T00:29:00Z
2026-10-07T18:55:20+00:00,central,Central,tube,9,Minor Delays,Central Line: Minor delays between North Acton and Ealing Broadway / West Ruislip and between Leytonstone and Epping / Hainault via Newbury Park due to train cancellations. GOOD SERVICE on the rest of the line.,RealTime,2026-10-07T17:21:19Z,2026-10-08T00:29:00Z
2026-10-07T18:55:20+00:00,circle,Circle,tube,10,Good Service,,,,
2026-10-07T18:55:20+00:00,district,District,tube,10,Good Service,,,,
2026-10-07T18:55:20+00:00,hammersmith-city,Hammersmith & City,tube,10,Good Service,,,,
2026-10-07T18:55:20+00:00,jubilee,Jubilee,tube,10,Good Service,,,,
2026-10-07T18:55:20+00:00,metropolitan,Metropolitan,tube,10,Good Service,,,,
2026-10-07T18:55:20+00:00,northern,Northern,tube,10,Good Service,,,,
2026-10-07T18:55:20+00:00,piccadilly,Piccadilly,tube,10,Good Service,,,,
2026-10-07T18:55:20+00:00,victoria,Victoria,tube,10,Good Service,,,,
2026-10-07T18:55:20+00:00,waterloo-city,Waterloo & City,tube,10,Good Service,,,,
2026-10-07T23:30:35+00:00,bakerloo,Bakerloo,tube,6,Severe Delays,"Bakerloo Line: Severe delays due to train cancellations. Tickets are being accepted on London Buses, Lioness line, London Northwestern Railway and Thameslink.",RealTime,2026-10-07T19:37:29Z,2026-10-09T00:29:00Z
2026-10-07T23:30:35+00:00,central,Central,tube,9,Minor Delays,Central Line: Minor delays between North Acton and Ealing Broadway / West Ruislip and between Leytonstone and Epping / Hainault via Newbury Park due to train cancellations. GOOD SERVICE on the rest of the line.,RealTime,2026-10-07T17:21:19Z,2026-10-09T00:29:00Z
2026-10-07T23:30:35+00:00,central,Central,tube,9,Minor Delays,Central Line: Minor delays between North Acton and Ealing Broadway / West Ruislip and between Leytonstone and Epping / Hainault via Newbury Park due to train cancellations. GOOD SERVICE on the rest of the line.,RealTime,2026-10-07T17:21:19Z,2026-10-09T00:29:00Z
2026-10-07T23:30:35+00:00,central,Central,tube,9,Minor Delays,Central Line: Minor delays between North Acton and Ealing Broadway / West Ruislip and between Leytonstone and Epping / Hainault via Newbury Park due to train cancellations. GOOD SERVICE on the rest of the line.,RealTime,2026-10-07T17:21:19Z,2026-10-09T00:29:00Z
2026-10-07T23:30:35+00:00,central,Central,tube,9,Minor Delays,Central Line: Minor delays between North Acton and Ealing Broadway / West Ruislip and between Leytonstone and Epping / Hainault via Newbury Park due to train cancellations. GOOD SERVICE on the rest of the line.,RealTime,2026-10-07T17:21:19Z,2026-10-09T00:29:00Z
2026-10-07T23:30:35+00:00,circle,Circle,tube,10,Good Service,,,,
2026-10-07T23:30:35+00:00,district,District,tube,10,Good Service,,,,
2026-10-07T23:30:35+00:00,hammersmith-city,Hammersmith & City,tube,10,Good Service,,,,
2026-10-07T23:30:35+00:00,jubilee,Jubilee,tube,10,Good Service,,,,
2026-10-07T23:30:35+00:00,metropolitan,Metropolitan,tube,10,Good Service,,,,
2026-10-07T23:30:35+00:00,northern,Northern,tube,10,Good Service,,,,
2026-10-07T23:30:35+00:00,piccadilly,Piccadilly,tube,10,Good Service,,,,
2026-10-07T23:30:35+00:00,victoria,Victoria,tube,10,Good Service,,,,
2026-10-07T23:30:35+00:00,waterloo-city,Waterloo & City,tube,10,Good Service,,,,
2026-10-08T02:54:28+00:00,bakerloo,Bakerloo,tube,20,Service Closed,Bakerloo Line: Service will resume later this morning.,RealTime,2026-10-08T00:25:09Z,2026-10-08T05:53:46Z
2026-10-08T02:54:28+00:00,central,Central,tube,20,Service Closed,Central Line: Service will resume later this morning.,RealTime,2026-10-08T00:29:13Z,2026-10-08T05:53:46Z
2026-10-08T02:54:28+00:00,circle,Circle,tube,20,Service Closed,Circle Line: Service will resume later this morning.,RealTime,2026-10-08T00:25:53Z,2026-10-08T05:53:46Z
2026-10-08T02:54:28+00:00,district,District,tube,20,Service Closed,District Line: Service will resume later this morning.,RealTime,2026-10-08T00:26:13Z,2026-10-08T05:53:46Z
2026-10-08T02:54:28+00:00,hammersmith-city,Hammersmith & City,tube,20,Service Closed,Hammersmith and City Line: Service will resume later this morning.,RealTime,2026-10-08T00:26:36Z,2026-10-08T05:53:46Z
2026-10-08T02:54:28+00:00,jubilee,Jubilee,tube,20,Service Closed,Jubilee Line: Service will resume later this morning.,RealTime,2026-10-08T00:26:47Z,2026-10-08T05:53:46Z
2026-10-08T02:54:28+00:00,metropolitan,Metropolitan,tube,20,Service Closed,Metropolitan Line: Service will resume later this morning.,RealTime,2026-10-08T00:27:01Z,2026-10-08T05:53:46Z
2026-10-08T02:54:28+00:00,northern,Northern,tube,20,Service Closed,Northern Line: Service will resume later this morning.,RealTime,2026-10-08T00:27:12Z,2026-10-08T05:53:46Z
2026-10-08T02:54:28+00:00,piccadilly,Piccadilly,tube,20,Service Closed,Piccadilly Line: Service will resume later this morning.,RealTime,2026-10-08T00:27:56Z,2026-10-08T05:53:46Z
2026-10-08T02:54:28+00:00,victoria,Victoria,tube,20,Service Closed,Victoria Line: Service will resume later this morning.,RealTime,2026-10-08T00:29:36Z,2026-10-08T05:53:46Z
2026-10-08T02:54:28+00:00,waterloo-city,Waterloo & City,tube,20,Service Closed,Waterloo and City Line: Service will resume at 06:00.,RealTime,2026-10-07T23:32:50Z,2026-10-08T05:53:46Z
2026-10-08T10:14:32+00:00,bakerloo,Bakerloo,tube,10,Good Service,,,,
2026-10-08T10:14:32+00:00,central,Central,tube,10,Good Service,,,,
2026-10-08T10:14:32+00:00,circle,Circle,tube,10,Good Service,,,,
2026-10-08T10:14:32+00:00,district,District,tube,10,Good Service,,,,
2026-10-08T10:14:32+00:00,hammersmith-city,Hammersmith & City,tube,10,Good Service,,,,
2026-10-08T10:14:32+00:00,jubilee,Jubilee,tube,10,Good Service,,,,
2026-10-08T10:14:32+00:00,metropolitan,Metropolitan,tube,10,Good Service,,,,
2026-10-08T10:14:32+00:00,northern,Northern,tube,6,Severe Delays,"Northern Line: No service between Moorgate and Morden via Bank, and SEVERE DELAYS on the rest of the line while we respond to a fire alert at Stockwell. Tickets are being accepted on London Buses, Thameslink, Great Northern, South Western Railway and London Trams.",RealTime,2026-10-08T09:52:12Z,2026-10-09T00:29:00Z
2026-10-08T10:14:32+00:00,northern,Northern,tube,3,Part Suspended,"Northern Line: No service between Moorgate and Morden via Bank, and SEVERE DELAYS on the rest of the line while we respond to a fire alert at Stockwell. Tickets are being accepted on London Buses, Thameslink, Great Northern, South Western Railway and London Trams.",RealTime,2026-10-08T09:52:12Z,2026-10-08T13:13:02Z
2026-10-08T10:14:32+00:00,piccadilly,Piccadilly,tube,6,Severe Delays,"Piccadilly Line: Severe delays due to an earlier signal failure at Arnos Grove. Tickets are being accepted on London Buses, Great Northern, Elizabeth line, South Western Railway and London Overground services via any reasonable route.",RealTime,2026-10-08T10:05:21Z,2026-10-09T00:29:00Z
2026-10-08T10:14:32+00:00,victoria,Victoria,tube,9,Minor Delays,Victoria Line: Minor delays due to train cancellations.,RealTime,2026-10-08T07:59:55Z,2026-10-09T00:29:00Z
2026-10-08T10:14:32+00:00,waterloo-city,Waterloo & City,tube,10,Good Service,,,,
2026-10-08T17:26:21+00:00,bakerloo,Bakerloo,tube,9,Minor Delays,Bakerloo Line: Minor delays due to train cancellations.,RealTime,2026-10-08T16:03:33Z,2026-10-09T00:29:00Z
2026-10-08T17:26:21+00:00,central,Central,tube,10,Good Service,,,,
2026-10-08T17:26:21+00:00,circle,Circle,tube,10,Good Service,,,,
2026-10-08T17:26:21+00:00,district,District,tube,10,Good Service,,,,
2026-10-08T17:26:21+00:00,hammersmith-city,Hammersmith & City,tube,10,Good Service,,,,
2026-10-08T17:26:21+00:00,jubilee,Jubilee,tube,10,Good Service,,,,
2026-10-08T17:26:21+00:00,metropolitan,Metropolitan,tube,10,Good Service,,,,
2026-10-08T17:26:21+00:00,northern,Northern,tube,6,Severe Delays,"Northern Line: Severe delays due to an earlier signal failure at Stockwell. Tickets are being accepted on London Buses, Thameslink, Great Northern, South Western Railway and London Trams.",RealTime,2026-10-08T16:09:59Z,2026-10-09T00:29:00Z
2026-10-08T17:26:21+00:00,piccadilly,Piccadilly,tube,10,Good Service,,,,
2026-10-08T17:26:21+00:00,victoria,Victoria,tube,10,Good Service,,,,
2026-10-08T17:26:21+00:00,waterloo-city,Waterloo & City,tube,10,Good Service,,,,
2026-10-08T22:20:58+00:00,bakerloo,Bakerloo,tube,9,Minor Delays,Bakerloo Line: Minor delays due to train cancellations.,RealTime,2026-10-08T16:03:33Z,2026-10-09T00:29:00Z
2026-10-08T22:20:58+00:00,central,Central,tube,10,Good Service,,,,
2026-10-08T22:20:58+00:00,circle,Circle,tube,10,Good Service,,,,
2026-10-08T22:20:58+00:00,district,District,tube,10,Good Service,,,,
2026-10-08T22:20:58+00:00,hammersmith-city,Hammersmith & City,tube,10,Good Service,,,,
2026-10-08T22:20:58+00:00,jubilee,Jubilee,tube,10,Good Service,,,,
2026-10-08T22:20:58+00:00,metropolitan,Metropolitan,tube,10,Good Service,,,,
2026-10-08T22:20:58+00:00,northern,Northern,tube,6,Severe Delays,"Northern Line: Severe delays due to an earlier signal failure at Stockwell. Tickets are being accepted on London Buses, Thameslink, Great Northern, South Western Railway and London Trams.",RealTime,2026-10-08T16:09:59Z,2026-10-09T00:29:00Z
2026-10-08T22:20:58+00:00,piccadilly,Piccadilly,tube,10,Good Service,,,,
2026-10-08T22:20:58+00:00,victoria,Victoria,tube,10,Good Service,,,,
2026-10-08T22:20:58+00:00,waterloo-city,Waterloo & City,tube,10,Good Service,,,,
2026-10-09T02:26:46+00:00,bakerloo,Bakerloo,tube,20,Service Closed,Bakerloo Line: Service will resume later this morning.,RealTime,2026-10-09T01:00:09Z,2026-10-09T05:26:16Z
2026-10-09T02:26:46+00:00,central,Central,tube,20,Service Closed,Central Line: Service will resume later this morning.,RealTime,2026-10-09T00:15:54Z,2026-10-09T05:26:16Z
2026-10-09T02:26:46+00:00,circle,Circle,tube,20,Service Closed,Circle Line: Service will resume later this morning.,RealTime,2026-10-09T00:16:05Z,2026-10-09T05:26:16Z
2026-10-09T02:26:46+00:00,district,District,tube,20,Service Closed,District Line: Service will resume later this morning.,RealTime,2026-10-09T00:16:16Z,2026-10-09T05:26:16Z
2026-10-09T02:26:46+00:00,hammersmith-city,Hammersmith & City,tube,20,Service Closed,Hammersmith and City Line: Service will resume later this morning.,RealTime,2026-10-09T00:16:32Z,2026-10-09T05:26:16Z
2026-10-09T02:26:46+00:00,jubilee,Jubilee,tube,20,Service Closed,Jubilee Line: Service will resume later this morning.,RealTime,2026-10-09T00:16:41Z,2026-10-09T05:26:16Z
2026-10-09T02:26:46+00:00,metropolitan,Metropolitan,tube,20,Service Closed,Metropolitan Line: Service will resume later this morning.,RealTime,2026-10-09T00:18:34Z,2026-10-09T05:26:16Z
2026-10-09T02:26:46+00:00,northern,Northern,tube,20,Service Closed,Northern Line: Service will resume later this morning.,RealTime,2026-10-09T00:17:08Z,2026-10-09T05:26:16Z
2026-10-09T02:26:46+00:00,piccadilly,Piccadilly,tube,20,Service Closed,Piccadilly Line: Service will resume later this morning.,RealTime,2026-10-09T00:17:45Z,2026-10-09T05:26:16Z
2026-10-09T02:26:46+00:00,victoria,Victoria,tube,20,Service Closed,Victoria Line: Service will resume later this morning.,RealTime,2026-10-09T00:18:10Z,2026-10-09T05:26:16Z
2026-10-09T02:26:46+00:00,waterloo-city,Waterloo & City,tube,20,Service Closed,Waterloo and City Line: Service will resume at 06:00.,RealTime,2026-10-08T23:29:41Z,2026-10-09T05:26:16Z
2026-10-09T09:31:29+00:00,bakerloo,Bakerloo,tube,10,Good Service,,,,
2026-10-09T09:31:29+00:00,central,Central,tube,9,Minor Delays,Central Line: Minor delays due to train cancellations.,RealTime,2026-10-09T05:43:39Z,2026-10-10T00:29:00Z
2026-10-09T09:31:29+00:00,circle,Circle,tube,10,Good Service,,,,
2026-10-09T09:31:29+00:00,district,District,tube,6,Severe Delays,"District Line: Severe delays due to an earlier customer incident at Earl's Court. Tickets will be accepted on London Buses, Mildmay line, DLR, Elizabeth line, C2C and South Western Railway via reasonable routes.",RealTime,2026-10-09T07:48:37Z,2026-10-10T00:29:00Z
2026-10-09T09:31:29+00:00,hammersmith-city,Hammersmith & City,tube,10,Good Service,,,,
2026-10-09T09:31:29+00:00,jubilee,Jubilee,tube,10,Good Service,,,,
2026-10-09T09:31:29+00:00,metropolitan,Metropolitan,tube,10,Good Service,,,,
2026-10-09T09:31:29+00:00,northern,Northern,tube,10,Good Service,,,,
2026-10-09T09:31:29+00:00,piccadilly,Piccadilly,tube,10,Good Service,,,,
2026-10-09T09:31:29+00:00,victoria,Victoria,tube,6,Severe Delays,"Victoria Line: Severe delays due to train cancellations. Tickets are being accepted on London Buses, Weaver line, Suffragette line, Great Northern, Thameslink, Greater Anglia, South Western Railway and Southeastern services.",RealTime,2026-10-09T07:12:29Z,2026-10-10T00:29:00Z
2026-10-09T09:31:29+00:00,waterloo-city,Waterloo & City,tube,10,Good Service,,,,
2026-10-09T16:33:25+00:00,bakerloo,Bakerloo,tube,9,Minor Delays,Bakerloo Line: Minor delays due to train cancellations.,RealTime,2026-10-09T15:06:18Z,2026-10-10T00:29:00Z
2026-10-09T16:33:25+00:00,central,Central,tube,9,Minor Delays,Central Line: Minor delays due to train cancellations.,RealTime,2026-10-09T05:43:39Z,2026-10-10T00:29:00Z
2026-10-09T16:33:25+00:00,circle,Circle,tube,10,Good Service,,,,
2026-10-09T16:33:25+00:00,district,District,tube,10,Good Service,,,,
2026-10-09T16:33:25+00:00,hammersmith-city,Hammersmith & City,tube,10,Good Service,,,,
2026-10-09T16:33:25+00:00,jubilee,Jubilee,tube,10,Good Service,,,,
2026-10-09T16:33:25+00:00,metropolitan,Metropolitan,tube,10,Good Service,,,,
2026-10-09T16:33:25+00:00,northern,Northern,tube,10,Good Service,,,,
2026-10-09T16:33:25+00:00,piccadilly,Piccadilly,tube,10,Good Service,,,,
2026-10-09T16:33:25+00:00,victoria,Victoria,tube,10,Good Service,,,,
2026-10-09T16:33:25+00:00,waterloo-city,Waterloo & City,tube,10,Good Service,,,,
2026-10-09T21:15:13+00:00,bakerloo,Bakerloo,tube,10,Good Service,,,,
2026-10-09T21:15:13+00:00,central,Central,tube,9,Minor Delays,Central Line: Minor delays due to train cancellations.,RealTime,2026-10-09T05:43:39Z,2026-10-10T00:29:00Z
2026-10-09T21:15:13+00:00,circle,Circle,tube,10,Good Service,,,,
2026-10-09T21:15:13+00:00,district,District,tube,6,Severe Delays,"District Line: Severe delays due to an earlier customer incident. Tickets are being accepted on London Buses, Mildmay Line, DLR, Elizabeth Line, and C2C services via any reasonable route.",RealTime,2026-10-09T20:17:50Z,2026-10-10T00:29:00Z
2026-10-09T21:15:13+00:00,hammersmith-city,Hammersmith & City,tube,10,Good Service,,,,
2026-10-09T21:15:13+00:00,jubilee,Jubilee,tube,10,Good Service,,,,
2026-10-09T21:15:13+00:00,metropolitan,Metropolitan,tube,10,Good Service,,,,
2026-10-09T21:15:13+00:00,northern,Northern,tube,10,Good Service,,,,
2026-10-09T21:15:13+00:00,piccadilly,Piccadilly,tube,10,Good Service,,,,
2026-10-09T21:15:13+00:00,victoria,Victoria,tube,10,Good Service,,,,
2026-10-09T21:15:13+00:00,waterloo-city,Waterloo & City,tube,10,Good Service,,,,
2026-10-10T00:59:39+00:00,bakerloo,Bakerloo,tube,20,Service Closed,Bakerloo Line: Service will resume later this morning.,RealTime,2026-10-10T00:14:41Z,2026-10-10T03:58:34Z
2026-10-10T00:59:39+00:00,central,Central,tube,10,Good Service,,,,
2026-10-10T00:59:39+00:00,circle,Circle,tube,20,Service Closed,Circle Line: Service will resume later this morning.,RealTime,2026-10-10T00:14:52Z,2026-10-10T03:58:34Z
2026-10-10T00:59:39+00:00,district,District,tube,20,Service Closed,District Line: Service will resume later this morning.,RealTime,2026-10-10T00:16:45Z,2026-10-10T03:58:34Z
2026-10-10T00:59:39+00:00,hammersmith-city,Hammersmith & City,tube,20,Service Closed,Hammersmith and City Line: Service will resume later this morning.,RealTime,2026-10-10T00:15:28Z,2026-10-10T03:58:34Z
2026-10-10T00:59:39+00:00,jubilee,Jubilee,tube,10,Good Service,,,,
2026-10-10T00:59:39+00:00,metropolitan,Metropolitan,tube,20,Service Closed,Metropolitan Line: Service will resume later this morning.,RealTime,2026-10-10T00:15:35Z,2026-10-10T03:58:34Z
2026-10-10T00:59:39+00:00,northern,Northern,tube,10,Good Service,,,,
2026-10-10T00:59:39+00:00,piccadilly,Piccadilly,tube,10,Good Service,,,,
2026-10-10T00:59:39+00:00,victoria,Victoria,tube,10,Good Service,,,,
2026-10-10T00:59:39+00:00,waterloo-city,Waterloo & City,tube,20,Service Closed,Waterloo and City Line: Service will resume at 06:00 on Monday.,RealTime,2026-10-09T23:28:05Z,2026-10-10T03:58:34Z
